client_id,Recence,Frequence,Montant,Cluster
C0001,2,42,13205.0,2
C0002,1,53,24445.0,3
C0003,14,49,16230.0,1
C0004,12,56,16430.0,1
C0005,26,52,13845.0,0
C0006,30,53,22720.0,3
C0007,21,50,16525.0,1
C0008,7,54,14015.0,1
C0009,35,47,13340.0,0
C0010,6,60,20895.0,3
C0011,40,47,18520.0,0
C0012,24,56,16980.0,1
C0013,13,47,16160.0,1
C0014,36,53,22415.0,0
C0015,10,50,17930.0,1
C0016,20,43,12850.0,2
C0017,8,45,19480.0,1
C0018,16,46,17010.0,1
C0019,51,49,16485.0,0
C0020,11,47,15630.0,1
C0021,8,38,16075.0,2
C0022,4,48,18995.0,1
C0023,5,72,21875.0,3
C0024,44,44,17055.0,0
C0025,39,51,15830.0,0
C0026,8,46,14995.0,2
C0027,8,50,27010.0,3
C0028,15,56,20525.0,3
C0029,26,62,19530.0,3
C0030,8,72,18275.0,3
C0031,15,46,16935.0,1
C0032,1,52,15315.0,1
C0033,29,46,12725.0,0
C0034,20,46,18590.0,1
C0035,44,53,20040.0,0
C0036,23,58,17020.0,1
C0037,2,56,13385.0,1
C0038,4,51,14110.0,1
C0039,43,38,10505.0,0
C0040,38,49,14060.0,0
C0041,4,55,25345.0,3
C0042,12,40,17700.0,2
C0043,6,51,17115.0,1
C0044,7,44,10725.0,2
C0045,18,48,11230.0,2
C0046,12,61,21805.0,3
C0047,6,60,22215.0,3
C0048,2,51,19565.0,1
C0049,14,50,13660.0,1
C0050,2,43,12795.0,2
C0051,16,54,21215.0,3
C0052,9,51,16035.0,1
C0053,2,43,10745.0,2
C0054,22,36,15740.0,2
C0055,1,43,15330.0,2
C0056,1,53,17500.0,1
C0057,28,47,13470.0,0
C0058,10,60,17690.0,3
C0059,3,39,13965.0,2
C0060,27,44,11690.0,2
C0061,22,60,25605.0,3
C0062,28,63,23635.0,3
C0063,6,50,15735.0,1
C0064,6,44,10855.0,2
C0065,6,56,31405.0,3
C0066,61,34,14980.0,0
C0067,8,43,17380.0,2
C0068,7,43,23020.0,1
C0069,8,56,26480.0,3
C0070,12,42,10760.0,2
C0071,9,48,13945.0,1
C0072,4,54,26115.0,3
C0073,4,50,13920.0,1
C0074,5,55,17570.0,1
C0075,13,49,16915.0,1
C0076,10,46,15600.0,1
C0077,6,49,12840.0,1
C0078,12,50,21460.0,3
C0079,12,50,21705.0,3
C0080,6,51,25060.0,3
C0081,35,46,18630.0,0
C0082,15,49,17250.0,1
C0083,8,52,22285.0,3
C0084,16,61,18040.0,3
C0085,12,46,12240.0,2
C0086,2,54,21860.0,3
C0087,3,52,9890.0,2
C0088,17,52,22360.0,3
C0089,11,50,18715.0,1
C0090,6,53,24955.0,3
C0091,15,52,17980.0,1
C0092,28,48,21485.0,0
C0093,63,46,18335.0,0
C0094,18,50,23175.0,3
C0095,22,50,21635.0,3
C0096,8,54,12765.0,1
C0097,4,60,24110.0,3
C0098,5,54,26410.0,3
C0099,9,40,12290.0,2
C0100,30,50,16370.0,0
C0101,34,49,16300.0,0
C0102,2,55,21800.0,3
C0103,14,42,14795.0,2
C0104,20,52,21865.0,3
C0105,12,60,21020.0,3
C0106,8,39,16505.0,2
C0107,32,52,16165.0,0
C0108,31,48,20115.0,0
C0109,33,58,20390.0,3
C0110,1,55,19820.0,3
C0111,6,43,15655.0,2
C0112,5,54,18775.0,1
C0113,13,62,24360.0,3
C0114,6,47,10110.0,2
C0115,10,56,21575.0,3
C0116,16,49,16535.0,1
C0117,9,54,17860.0,1
C0118,59,53,13480.0,0
C0119,3,44,16640.0,1
C0120,20,46,17855.0,1
C0121,14,40,10245.0,2
C0122,19,49,20345.0,1
C0123,6,65,28615.0,3
C0124,25,50,16070.0,0
C0125,3,58,16810.0,1
C0126,38,56,24440.0,3
C0127,1,51,14890.0,1
C0128,3,52,19900.0,1
C0129,6,51,20845.0,1
C0130,16,49,13970.0,1
C0131,37,47,8370.0,0
C0132,27,38,18005.0,0
C0133,17,60,21650.0,3
C0134,14,44,14610.0,2
C0135,1,52,15205.0,1
C0136,44,48,18770.0,0
C0137,31,57,21360.0,3
C0138,18,63,26745.0,3
C0139,6,44,21410.0,1
C0140,8,51,17530.0,1
C0141,9,57,21425.0,3
C0142,8,45,16390.0,1
C0143,2,47,22255.0,1
C0144,24,37,16370.0,2
C0145,2,51,14350.0,1
C0146,29,63,19765.0,3
C0147,46,45,19750.0,0
C0148,5,44,14750.0,2
C0149,20,45,14170.0,2
C0150,33,43,22735.0,0
C0151,6,43,10020.0,2
C0152,4,58,21200.0,3
C0153,5,38,5750.0,2
C0154,1,65,22750.0,3
C0155,19,45,16210.0,2
C0156,4,48,13320.0,2
C0157,25,40,14285.0,2
C0158,1,50,12530.0,1
C0159,4,58,17835.0,1
C0160,15,54,23535.0,3
C0161,3,61,17980.0,3
C0162,18,59,20080.0,3
C0163,28,59,16445.0,0
C0164,16,40,17795.0,2
C0165,13,48,11625.0,2
C0166,4,54,12510.0,1
C0167,17,62,21200.0,3
C0168,26,47,11275.0,2
C0169,21,51,16460.0,1
C0170,1,47,13365.0,2
C0171,25,56,21375.0,3
C0172,2,59,16585.0,1
C0173,16,60,19205.0,3
C0174,6,71,26645.0,3
C0175,106,47,22905.0,0
C0176,30,53,16580.0,0
C0177,11,60,17955.0,3
C0178,14,54,18015.0,1
C0179,1,53,12480.0,1
C0180,13,44,14810.0,2
C0181,15,57,12965.0,1
C0182,5,39,15190.0,2
C0183,2,48,20140.0,1
C0184,1,50,19310.0,1
C0185,11,60,24575.0,3
C0186,17,48,18605.0,1
C0187,1,54,19335.0,1
C0188,55,54,23625.0,0
C0189,6,57,20375.0,3
C0190,7,56,18160.0,1
C0191,2,60,18930.0,3
C0192,14,45,12875.0,2
C0193,23,54,21345.0,3
C0194,30,52,19250.0,0
C0195,14,44,15915.0,2
C0196,19,22,12925.0,2
C0197,8,68,26245.0,3
C0198,7,35,8735.0,2
C0199,27,62,26445.0,3
C0200,2,49,21615.0,1
C0201,35,48,8580.0,0
C0202,1,55,20775.0,3
C0203,12,52,19610.0,1
C0204,2,52,19165.0,1
C0205,5,51,18815.0,1
C0206,7,48,16055.0,1
C0207,32,25,8390.0,2
C0208,14,50,18390.0,1
C0209,21,51,22430.0,3
C0210,1,43,13450.0,2
C0211,13,33,13375.0,2
C0212,10,43,15570.0,2
C0213,8,59,19795.0,3
C0214,26,59,13955.0,1
C0215,2,52,18140.0,1
C0216,19,47,12485.0,2
C0217,13,57,15585.0,1
C0218,3,60,17530.0,3
C0219,6,45,17205.0,1
C0220,47,44,17910.0,0
C0221,22,47,19375.0,1
C0222,5,58,23205.0,3
C0223,3,54,15460.0,1
C0224,20,49,16660.0,1
C0225,39,68,16820.0,0
C0226,24,58,21065.0,3
C0227,46,34,12480.0,0
C0228,45,41,12975.0,0
C0229,2,50,15730.0,1
C0230,8,64,20865.0,3
C0231,5,59,15770.0,1
C0232,2,54,20905.0,3
C0233,9,47,15430.0,1
C0234,13,50,14125.0,1
C0235,2,50,14100.0,1
C0236,5,61,33235.0,3
C0237,3,51,16290.0,1
C0238,14,46,21740.0,1
C0239,1,52,18120.0,1
C0240,10,65,22280.0,3
C0241,6,42,17810.0,2
C0242,32,50,11985.0,0
C0243,7,53,23815.0,3
C0244,30,58,18385.0,0
C0245,15,45,15970.0,2
C0246,7,45,16900.0,1
C0247,14,55,13745.0,1
C0248,14,52,16945.0,1
C0249,15,40,14345.0,2
C0250,6,49,17505.0,1
C0251,9,46,12425.0,2
C0252,51,29,8815.0,0
C0253,15,32,9735.0,2
C0254,2,49,22455.0,3
C0255,26,52,12715.0,0
C0256,5,46,20135.0,1
C0257,15,51,12615.0,1
C0258,28,52,21055.0,3
C0259,9,53,21045.0,3
C0260,26,58,17130.0,1
C0261,7,44,11675.0,2
C0262,36,47,20485.0,0
C0263,6,51,17775.0,1
C0264,53,45,13085.0,0
C0265,24,50,14415.0,0
C0266,9,48,15930.0,1
C0267,34,55,19775.0,0
C0268,6,51,10545.0,2
C0269,6,62,18180.0,3
C0270,5,46,13480.0,2
C0271,4,42,12675.0,2
C0272,53,41,12370.0,0
C0273,9,35,20460.0,2
C0274,13,57,21030.0,3
C0275,28,63,25240.0,3
C0276,3,48,16950.0,1
C0277,4,60,19920.0,3
C0278,21,50,23790.0,3
C0279,16,51,16600.0,1
C0280,22,39,13930.0,2
C0281,28,64,18750.0,3
C0282,18,42,18065.0,2
C0283,1,62,20895.0,3
C0284,52,45,12225.0,0
C0285,12,53,18010.0,1
C0286,2,53,11845.0,1
C0287,12,49,14150.0,1
C0288,14,44,15455.0,2
C0289,1,60,18630.0,3
C0290,7,39,13890.0,2
C0291,24,50,14955.0,0
C0292,1,43,16870.0,2
C0293,4,53,23105.0,3
C0294,14,52,20810.0,3
C0295,4,45,13410.0,2
C0296,15,49,22295.0,3
C0297,8,42,18010.0,2
C0298,69,51,15685.0,0
C0299,4,39,16930.0,2
C0300,3,46,16235.0,1
C0301,5,47,15910.0,1
C0302,2,50,21985.0,3
C0303,20,52,29900.0,3
C0304,1,45,19085.0,1
C0305,24,38,16295.0,2
C0306,17,43,13005.0,2
C0307,3,57,18510.0,3
C0308,26,45,14840.0,0
C0309,11,37,11170.0,2
C0310,25,44,16960.0,0
C0311,9,46,11135.0,2
C0312,11,53,25035.0,3
C0313,24,57,25575.0,3
C0314,4,43,11495.0,2
C0315,10,66,21090.0,3
C0316,20,45,12280.0,2
C0317,3,53,10470.0,1
C0318,13,63,18840.0,3
C0319,33,44,12165.0,0
C0320,6,48,17000.0,1
C0321,35,47,18335.0,0
C0322,53,46,18335.0,0
C0323,6,55,13980.0,1
C0324,43,42,15180.0,0
C0325,6,56,21905.0,3
C0326,29,37,12925.0,2
C0327,51,49,14420.0,0
C0328,32,49,12025.0,0
C0329,23,55,16960.0,1
C0330,14,54,18820.0,1
C0331,27,47,16050.0,0
C0332,6,57,15775.0,1
C0333,8,51,11775.0,1
C0334,9,38,12730.0,2
C0335,14,51,17265.0,1
C0336,26,48,28180.0,3
C0337,20,55,24060.0,3
C0338,4,51,18295.0,1
C0339,1,56,29350.0,3
C0340,1,53,23345.0,3
C0341,32,47,15995.0,0
C0342,26,51,13685.0,0
C0343,2,40,11390.0,2
C0344,14,47,21945.0,1
C0345,20,48,17160.0,1
C0346,6,50,20075.0,1
C0347,8,47,22615.0,1
C0348,5,39,11370.0,2
C0349,65,56,12160.0,0
C0350,7,45,11335.0,2
C0351,1,51,14995.0,1
C0352,10,50,13870.0,1
C0353,15,53,15355.0,1
C0354,19,48,16990.0,1
C0355,3,42,11140.0,2
C0356,28,51,14915.0,0
C0357,18,61,13105.0,1
C0358,3,55,20465.0,3
C0359,21,58,17265.0,1
C0360,10,41,13480.0,2
C0361,4,49,24890.0,3
C0362,17,51,19570.0,1
C0363,21,46,13440.0,2
C0364,7,57,20255.0,3
C0365,9,56,21165.0,3
C0366,5,42,12195.0,2
C0367,1,43,10290.0,2
C0368,10,50,16095.0,1
C0369,2,47,21890.0,1
C0370,33,57,26355.0,3
C0371,28,52,13650.0,0
C0372,3,56,18295.0,1
C0373,1,53,16880.0,1
C0374,12,53,13675.0,1
C0375,22,45,13930.0,2
C0376,1,53,17220.0,1
C0377,33,45,12860.0,0
C0378,11,53,19390.0,1
C0379,47,42,15765.0,0
C0380,10,52,14230.0,1
C0381,1,53,21230.0,3
C0382,3,57,15045.0,1
C0383,3,53,15685.0,1
C0384,16,45,13930.0,2
C0385,5,58,20245.0,3
C0386,13,57,22490.0,3
C0387,36,45,13285.0,0
C0388,1,47,15205.0,1
C0389,25,46,17125.0,0
C0390,3,49,15525.0,1
C0391,3,45,14595.0,2
C0392,6,33,10895.0,2
C0393,17,48,12235.0,2
C0394,17,55,13100.0,1
C0395,34,43,17945.0,0
C0396,5,58,21475.0,3
C0397,28,46,17260.0,0
C0398,12,39,9395.0,2
C0399,20,55,22140.0,3
C0400,3,43,14595.0,2
C0401,26,39,11170.0,2
C0402,10,42,16135.0,2
C0403,1,54,17730.0,1
C0404,10,59,22745.0,3
C0405,33,48,16795.0,0
C0406,6,57,20245.0,3
C0407,23,55,20490.0,3
C0408,2,47,19935.0,1
C0409,6,49,20445.0,1
C0410,3,65,20575.0,3
C0411,19,56,15855.0,1
C0412,1,37,11425.0,2
C0413,14,53,13860.0,1
C0414,2,57,23100.0,3
C0415,6,41,13465.0,2
C0416,4,52,16090.0,1
C0417,32,58,17960.0,0
C0418,7,60,24985.0,3
C0419,11,54,25145.0,3
C0420,14,47,17265.0,1
C0421,17,48,11155.0,2
C0422,11,55,21525.0,3
C0423,8,41,19545.0,1
C0424,3,51,20795.0,1
C0425,8,49,15255.0,1
C0426,6,46,17820.0,1
C0427,1,48,16400.0,1
C0428,27,45,16360.0,0
C0429,12,41,17630.0,2
C0430,8,46,13160.0,2
C0431,6,44,15680.0,2
C0432,13,54,14780.0,1
C0433,16,42,17840.0,2
C0434,14,66,27100.0,3
C0435,6,42,13480.0,2
C0436,26,44,10910.0,2
C0437,25,39,15195.0,2
C0438,11,57,21320.0,3
C0439,10,42,14095.0,2
C0440,10,56,21230.0,3
C0441,5,47,14635.0,1
C0442,2,54,18150.0,1
C0443,19,45,14325.0,2
C0444,31,52,18795.0,0
C0445,9,54,22130.0,3
C0446,7,60,18165.0,3
C0447,21,37,15680.0,2
C0448,35,53,18105.0,0
C0449,42,48,18515.0,0
C0450,12,54,15400.0,1
C0451,1,42,11480.0,2
C0452,42,37,10720.0,0
C0453,31,54,13955.0,0
C0454,1,44,14720.0,2
C0455,1,45,12395.0,2
C0456,5,64,21910.0,3
C0457,8,51,20470.0,1
C0458,30,37,8225.0,2
C0459,1,61,24005.0,3
C0460,12,49,17205.0,1
C0461,26,38,12600.0,2
C0462,5,56,21665.0,3
C0463,4,51,14165.0,1
C0464,4,42,18590.0,1
C0465,47,42,13360.0,0
C0466,14,52,16105.0,1
C0467,1,45,19400.0,1
C0468,2,55,19270.0,1
C0469,5,48,16965.0,1
C0470,22,36,13655.0,2
C0471,4,41,17395.0,2
C0472,26,51,21230.0,3
C0473,5,45,18995.0,1
C0474,9,55,20350.0,3
C0475,5,49,16340.0,1
C0476,10,36,8650.0,2
C0477,6,49,9790.0,2
C0478,2,50,20370.0,1
C0479,39,58,17970.0,0
C0480,1,57,22130.0,3
C0481,3,46,15755.0,1
C0482,1,57,19390.0,3
C0483,29,46,12465.0,0
C0484,15,48,15000.0,1
C0485,55,56,16880.0,0
C0486,6,45,14235.0,2
C0487,1,51,15020.0,1
C0488,21,54,19215.0,1
C0489,1,53,20560.0,3
C0490,6,48,15950.0,1
C0491,57,43,13915.0,0
C0492,5,54,21360.0,3
C0493,4,52,14760.0,1
C0494,4,50,15960.0,1
C0495,12,54,17660.0,1
C0496,14,51,17685.0,1
C0497,22,50,21210.0,3
C0498,50,48,12980.0,0
C0499,10,50,13980.0,1
C0500,12,63,22440.0,3
C0501,2,60,25735.0,3
C0502,1,48,11320.0,2
C0503,4,47,16470.0,1
C0504,38,60,18635.0,0
C0505,12,56,21965.0,3
C0506,28,48,12770.0,0
C0507,9,42,12920.0,2
C0508,25,48,19135.0,0
C0509,10,53,19120.0,1
C0510,6,52,18905.0,1
C0511,9,60,24015.0,3
C0512,7,48,16775.0,1
C0513,5,51,17525.0,1
C0514,3,57,16085.0,1
C0515,6,58,15515.0,1
C0516,5,66,20545.0,3
C0517,40,53,22475.0,0
C0518,19,49,21205.0,1
C0519,2,48,18380.0,1
C0520,8,44,17430.0,1
C0521,8,45,17250.0,1
C0522,19,54,19680.0,3
C0523,22,56,17590.0,1
C0524,5,47,16890.0,1
C0525,24,42,14575.0,2
C0526,6,42,14790.0,2
C0527,34,54,16395.0,0
C0528,14,53,17010.0,1
C0529,4,46,19055.0,1
C0530,39,58,18475.0,0
C0531,12,41,17400.0,2
C0532,5,55,13620.0,1
C0533,17,47,20605.0,1
C0534,16,45,15830.0,2
C0535,7,52,16960.0,1
C0536,55,48,16730.0,0
C0537,20,49,24245.0,3
C0538,6,64,22465.0,3
C0539,33,49,9915.0,0
C0540,24,53,19205.0,1
C0541,1,58,20035.0,3
C0542,8,54,14445.0,1
C0543,21,35,10470.0,2
C0544,38,50,20355.0,0
C0545,13,48,10810.0,2
C0546,14,33,8855.0,2
C0547,21,51,15245.0,1
C0548,8,52,22540.0,3
C0549,9,55,20625.0,3
C0550,9,50,17855.0,1
C0551,11,49,17700.0,1
C0552,3,56,13835.0,1
C0553,14,42,12475.0,2
C0554,11,53,15495.0,1
C0555,13,54,19810.0,3
C0556,4,45,11520.0,2
C0557,14,49,19880.0,1
C0558,3,53,16090.0,1
C0559,14,51,16195.0,1
C0560,27,44,19030.0,0
C0561,43,49,21800.0,0
C0562,2,46,15200.0,1
C0563,2,47,17285.0,1
C0564,35,46,20095.0,0
C0565,9,43,16800.0,2
C0566,5,41,15430.0,2
C0567,3,52,19695.0,1
C0568,6,55,18905.0,1
C0569,15,49,20445.0,1
C0570,8,58,17320.0,1
C0571,16,55,15820.0,1
C0572,18,45,16400.0,2
C0573,17,43,17085.0,2
C0574,5,44,12475.0,2
C0575,3,58,24620.0,3
C0576,12,48,17735.0,1
C0577,7,63,25830.0,3
C0578,1,53,22870.0,3
C0579,5,38,12020.0,2
C0580,11,54,16255.0,1
C0581,13,51,14965.0,1
C0582,5,49,17810.0,1
C0583,30,46,21745.0,0
C0584,27,49,19820.0,0
C0585,1,60,22920.0,3
C0586,1,48,23410.0,3
C0587,5,42,14115.0,2
C0588,8,50,17085.0,1
C0589,10,47,15705.0,1
C0590,3,50,22805.0,3
C0591,10,63,22005.0,3
C0592,6,53,15470.0,1
C0593,47,51,25380.0,0
C0594,26,54,24990.0,3
C0595,2,61,20425.0,3
C0596,9,55,14675.0,1
C0597,16,59,21595.0,3
C0598,7,50,14840.0,1
C0599,13,59,19855.0,3
C0600,2,49,22755.0,3
C0601,12,53,18230.0,1
C0602,20,53,11115.0,1
C0603,40,57,22700.0,0
C0604,2,49,21875.0,1
C0605,9,44,18345.0,1
C0606,5,53,16545.0,1
C0607,5,51,18330.0,1
C0608,18,52,17085.0,1
C0609,12,59,19570.0,3
C0610,8,47,19060.0,1
C0611,18,52,18850.0,1
C0612,12,60,16065.0,1
C0613,5,65,22630.0,3
C0614,20,61,14250.0,1
C0615,3,46,19190.0,1
C0616,19,54,19580.0,3
C0617,3,47,12485.0,2
C0618,3,58,20300.0,3
C0619,11,51,14985.0,1
C0620,2,46,15200.0,1
C0621,19,56,12225.0,1
C0622,44,50,14600.0,0
C0623,7,46,19185.0,1
C0624,1,53,28210.0,3
C0625,2,44,8515.0,2
C0626,13,49,14025.0,1
C0627,21,45,13580.0,2
C0628,6,42,11490.0,2
C0629,20,48,20280.0,1
C0630,12,49,21085.0,1
C0631,14,47,16540.0,1
C0632,16,49,16690.0,1
C0633,40,53,20775.0,0
C0634,1,57,14235.0,1
C0635,24,42,14365.0,2
C0636,29,45,18820.0,0
C0637,4,51,16380.0,1
C0638,14,44,17870.0,1
C0639,7,61,25170.0,3
C0640,25,40,10445.0,2
C0641,60,45,15690.0,0
C0642,19,39,14205.0,2
C0643,9,46,12615.0,2
C0644,24,46,17995.0,0
C0645,14,57,12770.0,1
C0646,13,38,8795.0,2
C0647,25,54,15760.0,1
C0648,9,46,19835.0,1
C0649,4,58,16755.0,1
C0650,7,42,12340.0,2
C0651,14,52,15370.0,1
C0652,5,46,19985.0,1
C0653,1,61,15775.0,1
C0654,16,58,19560.0,3
C0655,20,57,19565.0,3
C0656,8,52,21705.0,3
C0657,18,61,21215.0,3
C0658,1,49,15235.0,1
C0659,19,47,9195.0,2
C0660,1,47,10305.0,2
C0661,16,40,10510.0,2
C0662,30,50,19500.0,0
C0663,11,58,23190.0,3
C0664,18,44,16265.0,2
C0665,5,57,14605.0,1
C0666,7,48,14015.0,1
C0667,3,67,24615.0,3
C0668,6,54,27000.0,3
C0669,5,51,19810.0,1
C0670,1,53,17160.0,1
C0671,6,67,24560.0,3
C0672,8,65,16690.0,3
C0673,18,45,10680.0,2
C0674,4,64,20265.0,3
C0675,18,45,19980.0,1
C0676,9,49,17195.0,1
C0677,12,44,14625.0,2
C0678,4,53,18645.0,1
C0679,3,56,21855.0,3
C0680,12,39,19340.0,2
C0681,21,60,26710.0,3
C0682,8,50,21135.0,1
C0683,28,49,16640.0,0
C0684,10,51,19230.0,1
C0685,3,53,12725.0,1
C0686,1,47,15500.0,1
C0687,2,41,13215.0,2
C0688,9,52,19185.0,1
C0689,34,53,11925.0,0
C0690,18,42,10505.0,2
C0691,18,44,17180.0,2
C0692,11,53,15680.0,1
C0693,4,43,14015.0,2
C0694,11,45,18815.0,1
C0695,3,41,12410.0,2
C0696,6,53,21390.0,3
C0697,3,44,20695.0,1
C0698,6,55,17315.0,1
C0699,1,54,20525.0,3
C0700,32,43,12485.0,0
C0701,10,63,25670.0,3
C0702,12,52,21490.0,3
C0703,13,54,15200.0,1
C0704,5,55,18860.0,1
C0705,22,49,21735.0,3
C0706,3,58,25115.0,3
C0707,14,53,20145.0,3
C0708,9,38,15205.0,2
C0709,34,45,7875.0,0
C0710,2,64,18005.0,3
C0711,6,46,18715.0,1
C0712,2,57,22770.0,3
C0713,30,55,19055.0,0
C0714,10,59,16760.0,1
C0715,23,57,16745.0,1
C0716,12,46,13005.0,2
C0717,1,55,19075.0,1
C0718,37,32,8220.0,2
C0719,17,57,18160.0,3
C0720,17,62,25000.0,3
C0721,10,55,23570.0,3
C0722,2,38,12205.0,2
C0723,1,56,20215.0,3
C0724,13,46,16485.0,1
C0725,4,51,18355.0,1
C0726,13,53,22280.0,3
C0727,2,43,15515.0,2
C0728,17,52,18310.0,1
C0729,6,48,17345.0,1
C0730,4,58,25140.0,3
C0731,7,46,15280.0,1
C0732,12,49,18700.0,1
C0733,13,63,18415.0,3
C0734,9,43,12805.0,2
C0735,13,50,16875.0,1
C0736,24,53,14645.0,1
C0737,11,49,13525.0,1
C0738,2,41,9345.0,2
C0739,2,45,18060.0,1
C0740,32,45,19755.0,0
C0741,11,39,8980.0,2
C0742,31,60,21055.0,3
C0743,2,57,19785.0,3
C0744,21,44,11115.0,2
C0745,6,55,15245.0,1
C0746,12,51,20090.0,1
C0747,8,62,18115.0,3
C0748,13,67,18855.0,3
C0749,31,46,14405.0,0
C0750,5,50,17950.0,1
C0751,1,53,18715.0,1
C0752,1,46,20205.0,1
C0753,6,49,17850.0,1
C0754,41,44,13615.0,0
C0755,8,61,17040.0,3
C0756,7,43,10630.0,2
C0757,2,43,16180.0,2
C0758,5,47,18080.0,1
C0759,7,56,20290.0,3
C0760,13,44,19200.0,1
C0761,7,44,12695.0,2
C0762,4,56,19540.0,3
C0763,32,65,19660.0,3
C0764,22,44,12330.0,2
C0765,111,39,9520.0,0
C0766,2,59,22770.0,3
C0767,2,61,22980.0,3
C0768,7,39,12945.0,2
C0769,2,53,20290.0,1
C0770,33,46,18040.0,0
C0771,19,60,21290.0,3
C0772,17,56,22360.0,3
C0773,7,56,23730.0,3
C0774,9,60,19815.0,3
C0775,4,52,16615.0,1
C0776,27,49,21500.0,0
C0777,32,57,17570.0,0
C0778,18,50,16680.0,1
C0779,22,60,21850.0,3
C0780,1,56,23525.0,3
C0781,6,51,20990.0,1
C0782,8,52,21180.0,3
C0783,2,52,18690.0,1
C0784,5,51,20245.0,1
C0785,2,59,22985.0,3
C0786,10,38,9910.0,2
C0787,10,49,13045.0,1
C0788,27,43,12920.0,2
C0789,2,37,14890.0,2
C0790,4,43,15530.0,2
C0791,4,58,21735.0,3
C0792,6,39,15320.0,2
C0793,5,70,25885.0,3
C0794,17,49,15735.0,1
C0795,17,41,10785.0,2
C0796,21,43,17260.0,2
C0797,8,38,13715.0,2
C0798,19,50,17395.0,1
C0799,15,44,17165.0,1
C0800,16,47,17765.0,1
C0801,4,51,21575.0,3
C0802,4,50,16255.0,1
C0803,3,53,15205.0,1
C0804,4,45,15330.0,2
C0805,12,58,17115.0,1
C0806,11,38,16630.0,2
C0807,12,50,10205.0,2
C0808,20,45,10875.0,2
C0809,4,52,20425.0,1
C0810,17,46,18240.0,1
C0811,11,41,7935.0,2
C0812,14,41,13280.0,2
C0813,3,58,19115.0,3
C0814,16,54,15175.0,1
C0815,7,48,20980.0,1
C0816,3,50,19260.0,1
C0817,13,42,19755.0,1
C0818,33,44,12360.0,0
C0819,5,53,19090.0,1
C0820,43,55,16175.0,0
C0821,8,50,12140.0,1
C0822,7,48,12165.0,2
C0823,16,52,11850.0,1
C0824,7,53,15265.0,1
C0825,10,54,15295.0,1
C0826,3,58,24355.0,3
C0827,31,42,13630.0,0
C0828,29,54,18530.0,0
C0829,34,49,20550.0,0
C0830,9,57,23750.0,3
C0831,13,35,11640.0,2
C0832,31,51,17565.0,0
C0833,28,48,22225.0,0
C0834,22,47,17785.0,1
C0835,4,55,14535.0,1
C0836,2,51,24470.0,3
C0837,32,45,13875.0,0
C0838,1,51,15895.0,1
C0839,5,49,15355.0,1
C0840,43,40,11480.0,0
C0841,13,40,15555.0,2
C0842,1,39,12890.0,2
C0843,20,41,15240.0,2
C0844,2,53,17015.0,1
C0845,36,49,12355.0,0
C0846,4,46,10650.0,2
C0847,1,43,12755.0,2
C0848,1,54,21865.0,3
C0849,20,51,21385.0,3
C0850,27,48,17785.0,0
C0851,24,38,10035.0,2
C0852,3,47,20115.0,1
C0853,4,60,16420.0,1
C0854,13,56,15490.0,1
C0855,9,50,15965.0,1
C0856,10,59,19950.0,3
C0857,22,32,13825.0,2
C0858,5,47,17350.0,1
C0859,3,57,19980.0,3
C0860,12,53,14955.0,1
C0861,13,58,18140.0,3
C0862,10,60,19310.0,3
C0863,15,55,16140.0,1
C0864,24,49,14145.0,0
C0865,13,52,27330.0,3
C0866,3,41,15940.0,2
C0867,8,43,9810.0,2
C0868,12,45,16835.0,1
C0869,1,45,15215.0,2
C0870,53,50,16315.0,0
C0871,10,47,11210.0,2
C0872,12,60,19295.0,3
C0873,2,61,21785.0,3
C0874,4,51,16995.0,1
C0875,9,57,21560.0,3
C0876,10,43,10025.0,2
C0877,24,53,14575.0,1
C0878,20,37,10645.0,2
C0879,27,46,13860.0,0
C0880,51,53,16015.0,0
C0881,4,63,25810.0,3
C0882,14,50,14790.0,1
C0883,29,55,19100.0,0
C0884,35,39,13940.0,0
C0885,19,52,16380.0,1
C0886,13,55,14625.0,1
C0887,18,53,21015.0,3
C0888,4,52,16775.0,1
C0889,10,52,14640.0,1
C0890,2,46,14575.0,2
C0891,55,33,8080.0,0
C0892,1,60,17895.0,3
C0893,10,44,17310.0,1
C0894,30,52,18270.0,0
C0895,33,47,13260.0,0
C0896,4,60,15130.0,1
C0897,24,49,18225.0,1
C0898,18,55,17145.0,1
C0899,17,43,15290.0,2
C0900,38,63,27530.0,3
C0901,2,48,23665.0,3
C0902,24,50,21335.0,3
C0903,34,56,15905.0,0
C0904,3,61,24410.0,3
C0905,16,48,15340.0,1
C0906,3,48,13325.0,2
C0907,32,50,21115.0,0
C0908,27,57,22260.0,3
C0909,11,54,17185.0,1
C0910,10,38,16655.0,2
C0911,1,52,18795.0,1
C0912,14,55,16155.0,1
C0913,14,37,10470.0,2
C0914,8,43,11330.0,2
C0915,23,40,13315.0,2
C0916,5,55,17730.0,1
C0917,5,51,17625.0,1
C0918,7,55,15220.0,1
C0919,22,48,17880.0,1
C0920,24,50,20405.0,1
C0921,10,54,16955.0,1
C0922,7,54,13515.0,1
C0923,20,57,18440.0,3
C0924,2,46,16880.0,1
C0925,25,55,16320.0,1
C0926,1,48,18475.0,1
C0927,10,48,19205.0,1
C0928,17,42,18190.0,2
C0929,33,39,21175.0,0
C0930,3,50,15725.0,1
C0931,15,47,18775.0,1
C0932,7,67,25065.0,3
C0933,5,40,11220.0,2
C0934,9,53,21070.0,3
C0935,19,57,22620.0,3
C0936,20,59,21580.0,3
C0937,17,59,23160.0,3
C0938,44,40,9330.0,0
C0939,18,39,14415.0,2
C0940,10,61,21620.0,3
C0941,29,55,17090.0,0
C0942,48,37,17105.0,0
C0943,1,40,16930.0,2
C0944,5,64,29125.0,3
C0945,7,43,14675.0,2
C0946,5,40,14665.0,2
C0947,2,47,18780.0,1
C0948,5,51,24475.0,3
C0949,1,44,14070.0,2
C0950,117,40,13875.0,0
C0951,3,50,19460.0,1
C0952,2,45,18515.0,1
C0953,4,48,14250.0,1
C0954,5,39,13435.0,2
C0955,2,50,23805.0,3
C0956,5,42,11795.0,2
C0957,4,49,17130.0,1
C0958,11,44,12660.0,2
C0959,30,41,13875.0,0
C0960,5,41,11990.0,2
C0961,9,54,9675.0,1
C0962,6,52,17340.0,1
C0963,57,40,11900.0,0
C0964,6,45,13970.0,2
C0965,14,48,19710.0,1
C0966,20,34,8775.0,2
C0967,3,41,17725.0,2
C0968,22,55,23605.0,3
C0969,87,31,7480.0,0
C0970,12,52,19305.0,1
C0971,40,53,19335.0,0
C0972,15,42,11745.0,2
C0973,6,48,15040.0,1
C0974,14,55,20750.0,3
C0975,6,49,19950.0,1
C0976,19,55,18480.0,1
C0977,12,55,17495.0,1
C0978,1,47,20380.0,1
C0979,12,43,20830.0,1
C0980,4,48,17720.0,1
C0981,20,42,21725.0,1
C0982,6,51,12910.0,1
C0983,1,44,17430.0,1
C0984,28,56,18680.0,0
C0985,14,48,20085.0,1
C0986,33,37,10520.0,2
C0987,7,45,18630.0,1
C0988,5,62,18070.0,3
C0989,15,56,19645.0,3
C0990,6,75,22350.0,3
C0991,23,47,19240.0,1
C0992,10,57,23470.0,3
C0993,2,52,24070.0,3
C0994,6,63,16050.0,3
C0995,2,47,8050.0,2
C0996,31,46,14315.0,0
C0997,1,43,14515.0,2
C0998,11,51,18990.0,1
C0999,34,47,14275.0,0
C1000,4,49,17695.0,1
