client_id,nom,sexe,age,ville,region
C0001,Bamba Fatou,M,32,Yamoussoukro,Lacs
C0002,Bakayoko Oumar,M,36,Yamoussoukro,Lacs
C0003,Diomandé Sarah,M,53,San-Pédro,Bas-Sassandra
C0004,Bakayoko Ibrahim,F,19,San-Pédro,Bas-Sassandra
C0005,Traoré Awa,F,38,Abidjan,Lagunes
C0006,Cissé Aminata,M,61,Abidjan,Lagunes
C0007,Kouassi Mohamed,F,45,San-Pédro,Bas-Sassandra
C0008,Yao Moussa,F,20,Abidjan,Lagunes
C0009,Yao Moussa,M,26,Yamoussoukro,Lacs
C0010,Konan Fatou,M,31,Bouaké,Vallée du Bandama
C0011,Cissé Yasmine,F,19,San-Pédro,Bas-Sassandra
C0012,Bamba Sarah,M,52,Bouaké,Vallée du Bandama
C0013,Kouassi Fatou,F,57,San-Pédro,Bas-Sassandra
C0014,Konan Aminata,F,59,San-Pédro,Bas-Sassandra
C0015,Traoré Awa,F,61,Bouaké,Vallée du Bandama
C0016,Cissé Fatou,F,48,San-Pédro,Bas-Sassandra
C0017,Bakayoko Moussa,F,57,Abidjan,Lagunes
C0018,Konan Oumar,F,43,Abidjan,Lagunes
C0019,Touré Jean,M,24,Abidjan,Lagunes
C0020,Bakayoko Jean,F,25,San-Pédro,Bas-Sassandra
C0021,Diomandé Ibrahim,M,25,Yamoussoukro,Lacs
C0022,Yao Jean,M,22,Bouaké,Vallée du Bandama
C0023,Bamba Mohamed,M,45,Yamoussoukro,Lacs
C0024,Touré Sarah,F,51,Abidjan,Lagunes
C0025,Bamba Moussa,F,41,Abidjan,Lagunes
C0026,Yao Sarah,F,44,Yamoussoukro,Lacs
C0027,Kouassi Ibrahim,M,64,Bouaké,Vallée du Bandama
C0028,Yao Jean,M,43,Yamoussoukro,Lacs
C0029,Bamba Yasmine,M,32,Bouaké,Vallée du Bandama
C0030,Cissé Ibrahim,M,49,Yamoussoukro,Lacs
C0031,Kouassi Fatou,M,49,San-Pédro,Bas-Sassandra
C0032,Diallo Moussa,M,62,Yamoussoukro,Lacs
C0033,Diomandé Fatou,M,49,Yamoussoukro,Lacs
C0034,Diomandé Ibrahim,F,45,Bouaké,Vallée du Bandama
C0035,Cissé Yasmine,M,23,San-Pédro,Bas-Sassandra
C0036,Koffi Mohamed,M,45,Abidjan,Lagunes
C0037,Bamba Jean,M,44,Bouaké,Vallée du Bandama
C0038,Touré Fatou,M,58,Yamoussoukro,Lacs
C0039,Bamba Aminata,F,44,Abidjan,Lagunes
C0040,Diallo Jean,M,59,San-Pédro,Bas-Sassandra
C0041,Bakayoko Aminata,F,49,San-Pédro,Bas-Sassandra
C0042,Touré Fatou,M,29,Bouaké,Vallée du Bandama
C0043,Bamba Awa,M,54,Abidjan,Lagunes
C0044,Bakayoko Jean,M,19,Bouaké,Vallée du Bandama
C0045,Traoré Moussa,M,49,Abidjan,Lagunes
C0046,Kouassi Ibrahim,F,19,Abidjan,Lagunes
C0047,Cissé Aminata,F,21,Yamoussoukro,Lacs
C0048,Diomandé Sarah,M,34,Yamoussoukro,Lacs
C0049,Traoré Sarah,M,51,Bouaké,Vallée du Bandama
C0050,Traoré Jean,M,23,San-Pédro,Bas-Sassandra
C0051,Yao Fatou,F,53,Yamoussoukro,Lacs
C0052,Cissé Ibrahim,M,36,San-Pédro,Bas-Sassandra
C0053,Bamba Fatou,M,50,San-Pédro,Bas-Sassandra
C0054,Bamba Awa,F,18,Yamoussoukro,Lacs
C0055,Touré Yasmine,F,40,Yamoussoukro,Lacs
C0056,Cissé Ibrahim,M,33,Bouaké,Vallée du Bandama
C0057,Touré Fatou,F,19,Abidjan,Lagunes
C0058,Diallo Oumar,F,26,Abidjan,Lagunes
C0059,Yao Ibrahim,F,33,Yamoussoukro,Lacs
C0060,Koffi Sarah,F,50,San-Pédro,Bas-Sassandra
C0061,Koffi Jean,F,53,Bouaké,Vallée du Bandama
C0062,Bakayoko Fatou,F,52,San-Pédro,Bas-Sassandra
C0063,Touré Ibrahim,M,46,Bouaké,Vallée du Bandama
C0064,Konan Awa,F,52,San-Pédro,Bas-Sassandra
C0065,Touré Fatou,M,21,Abidjan,Lagunes
C0066,Diallo Fatou,F,25,Yamoussoukro,Lacs
C0067,Yao Jean,F,50,San-Pédro,Bas-Sassandra
C0068,Diomandé Ibrahim,F,39,Bouaké,Vallée du Bandama
C0069,Traoré Aminata,M,25,Yamoussoukro,Lacs
C0070,Diomandé Awa,M,47,Abidjan,Lagunes
C0071,Kouassi Oumar,F,36,San-Pédro,Bas-Sassandra
C0072,Yao Jean,F,34,San-Pédro,Bas-Sassandra
C0073,Diallo Aminata,M,58,Abidjan,Lagunes
C0074,Bakayoko Jean,F,48,Yamoussoukro,Lacs
C0075,Kouassi Fatou,M,38,San-Pédro,Bas-Sassandra
C0076,Bamba Jean,F,20,San-Pédro,Bas-Sassandra
C0077,Konan Yasmine,F,48,Bouaké,Vallée du Bandama
C0078,Cissé Ibrahim,F,63,San-Pédro,Bas-Sassandra
C0079,Konan Aminata,M,19,Yamoussoukro,Lacs
C0080,Diomandé Mohamed,F,43,Abidjan,Lagunes
C0081,Bakayoko Jean,M,60,Bouaké,Vallée du Bandama
C0082,Bamba Mohamed,M,43,Yamoussoukro,Lacs
C0083,Konan Yasmine,F,30,San-Pédro,Bas-Sassandra
C0084,Cissé Moussa,M,53,Abidjan,Lagunes
C0085,Koffi Jean,F,63,San-Pédro,Bas-Sassandra
C0086,Yao Moussa,M,45,Bouaké,Vallée du Bandama
C0087,Konan Moussa,M,39,Yamoussoukro,Lacs
C0088,Touré Mohamed,M,39,Bouaké,Vallée du Bandama
C0089,Cissé Aminata,M,59,Bouaké,Vallée du Bandama
C0090,Traoré Oumar,M,25,Abidjan,Lagunes
C0091,Diallo Moussa,F,23,Abidjan,Lagunes
C0092,Koffi Ibrahim,M,57,San-Pédro,Bas-Sassandra
C0093,Konan Mohamed,F,36,Abidjan,Lagunes
C0094,Bakayoko Ibrahim,F,43,Abidjan,Lagunes
C0095,Cissé Oumar,F,40,Yamoussoukro,Lacs
C0096,Touré Oumar,M,18,Yamoussoukro,Lacs
C0097,Konan Aminata,F,42,San-Pédro,Bas-Sassandra
C0098,Diallo Jean,F,56,San-Pédro,Bas-Sassandra
C0099,Diallo Aminata,M,20,San-Pédro,Bas-Sassandra
C0100,Cissé Ibrahim,M,39,Abidjan,Lagunes
C0101,Diallo Jean,F,63,Bouaké,Vallée du Bandama
C0102,Koffi Oumar,F,33,Bouaké,Vallée du Bandama
C0103,Cissé Oumar,M,53,Abidjan,Lagunes
C0104,Diallo Moussa,F,27,Bouaké,Vallée du Bandama
C0105,Diallo Fatou,F,48,Bouaké,Vallée du Bandama
C0106,Cissé Ibrahim,F,49,Abidjan,Lagunes
C0107,Bakayoko Oumar,M,21,San-Pédro,Bas-Sassandra
C0108,Bakayoko Moussa,F,45,San-Pédro,Bas-Sassandra
C0109,Diomandé Fatou,F,29,Bouaké,Vallée du Bandama
C0110,Yao Jean,M,60,Abidjan,Lagunes
C0111,Yao Jean,M,57,Bouaké,Vallée du Bandama
C0112,Diomandé Awa,M,52,Yamoussoukro,Lacs
C0113,Kouassi Mohamed,F,46,Bouaké,Vallée du Bandama
C0114,Cissé Mohamed,F,51,Yamoussoukro,Lacs
C0115,Touré Moussa,F,62,Yamoussoukro,Lacs
C0116,Bakayoko Fatou,M,38,Abidjan,Lagunes
C0117,Touré Fatou,F,54,Abidjan,Lagunes
C0118,Bakayoko Ibrahim,M,52,San-Pédro,Bas-Sassandra
C0119,Koffi Awa,M,56,San-Pédro,Bas-Sassandra
C0120,Bakayoko Moussa,F,49,Abidjan,Lagunes
C0121,Kouassi Moussa,M,40,Abidjan,Lagunes
C0122,Yao Yasmine,F,34,Abidjan,Lagunes
C0123,Koffi Yasmine,F,30,Yamoussoukro,Lacs
C0124,Yao Jean,F,29,Abidjan,Lagunes
C0125,Touré Ibrahim,F,26,Yamoussoukro,Lacs
C0126,Koffi Ibrahim,F,64,San-Pédro,Bas-Sassandra
C0127,Diallo Oumar,M,29,Abidjan,Lagunes
C0128,Koffi Oumar,F,40,San-Pédro,Bas-Sassandra
C0129,Touré Moussa,M,59,Bouaké,Vallée du Bandama
C0130,Bamba Mohamed,M,52,Yamoussoukro,Lacs
C0131,Diomandé Awa,M,29,Abidjan,Lagunes
C0132,Cissé Mohamed,F,34,Abidjan,Lagunes
C0133,Traoré Moussa,F,30,San-Pédro,Bas-Sassandra
C0134,Cissé Yasmine,F,44,Bouaké,Vallée du Bandama
C0135,Konan Oumar,M,54,Bouaké,Vallée du Bandama
C0136,Yao Sarah,F,62,Abidjan,Lagunes
C0137,Traoré Fatou,M,24,Abidjan,Lagunes
C0138,Koffi Fatou,F,48,Yamoussoukro,Lacs
C0139,Traoré Moussa,M,27,Bouaké,Vallée du Bandama
C0140,Yao Moussa,F,20,Abidjan,Lagunes
C0141,Konan Mohamed,F,45,San-Pédro,Bas-Sassandra
C0142,Touré Moussa,M,20,Abidjan,Lagunes
C0143,Touré Jean,M,50,Bouaké,Vallée du Bandama
C0144,Diallo Aminata,F,61,Abidjan,Lagunes
C0145,Diallo Aminata,M,28,San-Pédro,Bas-Sassandra
C0146,Diallo Fatou,M,36,San-Pédro,Bas-Sassandra
C0147,Touré Awa,M,58,Abidjan,Lagunes
C0148,Kouassi Oumar,F,20,San-Pédro,Bas-Sassandra
C0149,Bamba Yasmine,M,29,Bouaké,Vallée du Bandama
C0150,Bakayoko Aminata,F,41,San-Pédro,Bas-Sassandra
C0151,Diallo Sarah,F,45,San-Pédro,Bas-Sassandra
C0152,Cissé Sarah,F,45,San-Pédro,Bas-Sassandra
C0153,Diallo Yasmine,F,44,Bouaké,Vallée du Bandama
C0154,Kouassi Yasmine,M,37,Abidjan,Lagunes
C0155,Yao Aminata,F,22,Yamoussoukro,Lacs
C0156,Touré Awa,F,47,Bouaké,Vallée du Bandama
C0157,Diomandé Oumar,M,50,Bouaké,Vallée du Bandama
C0158,Kouassi Awa,F,64,Abidjan,Lagunes
C0159,Diomandé Oumar,F,42,Bouaké,Vallée du Bandama
C0160,Diomandé Jean,M,50,Bouaké,Vallée du Bandama
C0161,Touré Ibrahim,M,18,Abidjan,Lagunes
C0162,Bamba Aminata,F,34,Abidjan,Lagunes
C0163,Diallo Aminata,M,40,Abidjan,Lagunes
C0164,Diallo Oumar,F,27,Yamoussoukro,Lacs
C0165,Kouassi Oumar,F,26,Bouaké,Vallée du Bandama
C0166,Kouassi Ibrahim,M,30,San-Pédro,Bas-Sassandra
C0167,Kouassi Jean,F,49,Bouaké,Vallée du Bandama
C0168,Bakayoko Moussa,F,51,Bouaké,Vallée du Bandama
C0169,Traoré Ibrahim,M,29,Abidjan,Lagunes
C0170,Traoré Oumar,F,47,Yamoussoukro,Lacs
C0171,Touré Jean,F,64,Yamoussoukro,Lacs
C0172,Diallo Oumar,F,19,Yamoussoukro,Lacs
C0173,Yao Moussa,F,51,Bouaké,Vallée du Bandama
C0174,Konan Awa,F,47,Yamoussoukro,Lacs
C0175,Diomandé Ibrahim,M,51,San-Pédro,Bas-Sassandra
C0176,Touré Aminata,M,41,Yamoussoukro,Lacs
C0177,Bamba Mohamed,M,34,Abidjan,Lagunes
C0178,Koffi Mohamed,F,34,Bouaké,Vallée du Bandama
C0179,Kouassi Fatou,F,22,Bouaké,Vallée du Bandama
C0180,Traoré Oumar,F,30,Bouaké,Vallée du Bandama
C0181,Diomandé Ibrahim,M,40,Yamoussoukro,Lacs
C0182,Diomandé Aminata,F,25,San-Pédro,Bas-Sassandra
C0183,Bakayoko Fatou,F,42,Yamoussoukro,Lacs
C0184,Yao Awa,M,36,Abidjan,Lagunes
C0185,Diallo Awa,F,59,Abidjan,Lagunes
C0186,Traoré Oumar,F,18,Abidjan,Lagunes
C0187,Touré Mohamed,F,51,Abidjan,Lagunes
C0188,Cissé Yasmine,F,64,Abidjan,Lagunes
C0189,Traoré Sarah,F,60,Yamoussoukro,Lacs
C0190,Kouassi Mohamed,F,18,San-Pédro,Bas-Sassandra
C0191,Kouassi Ibrahim,M,32,Yamoussoukro,Lacs
C0192,Bakayoko Aminata,F,43,San-Pédro,Bas-Sassandra
C0193,Bamba Sarah,F,62,Bouaké,Vallée du Bandama
C0194,Diomandé Sarah,M,24,Yamoussoukro,Lacs
C0195,Bamba Awa,F,55,Yamoussoukro,Lacs
C0196,Yao Yasmine,M,54,San-Pédro,Bas-Sassandra
C0197,Cissé Moussa,M,34,Yamoussoukro,Lacs
C0198,Traoré Mohamed,F,61,Abidjan,Lagunes
C0199,Kouassi Fatou,M,21,Bouaké,Vallée du Bandama
C0200,Yao Yasmine,M,35,Yamoussoukro,Lacs
C0201,Koffi Aminata,F,64,San-Pédro,Bas-Sassandra
C0202,Bakayoko Jean,F,36,Bouaké,Vallée du Bandama
C0203,Touré Oumar,F,43,San-Pédro,Bas-Sassandra
C0204,Konan Sarah,M,62,Bouaké,Vallée du Bandama
C0205,Diallo Yasmine,M,39,Abidjan,Lagunes
C0206,Traoré Aminata,M,21,Bouaké,Vallée du Bandama
C0207,Diomandé Sarah,M,26,Yamoussoukro,Lacs
C0208,Yao Ibrahim,M,57,Abidjan,Lagunes
C0209,Koffi Sarah,M,23,Bouaké,Vallée du Bandama
C0210,Koffi Fatou,M,23,Bouaké,Vallée du Bandama
C0211,Kouassi Sarah,F,19,Yamoussoukro,Lacs
C0212,Diomandé Sarah,F,62,San-Pédro,Bas-Sassandra
C0213,Diallo Aminata,F,21,Yamoussoukro,Lacs
C0214,Koffi Jean,F,29,Yamoussoukro,Lacs
C0215,Kouassi Mohamed,F,55,Abidjan,Lagunes
C0216,Diomandé Fatou,M,60,Yamoussoukro,Lacs
C0217,Kouassi Aminata,F,27,Abidjan,Lagunes
C0218,Bamba Mohamed,F,19,Abidjan,Lagunes
C0219,Bakayoko Awa,F,18,Yamoussoukro,Lacs
C0220,Diallo Yasmine,M,26,Yamoussoukro,Lacs
C0221,Bakayoko Aminata,M,52,Bouaké,Vallée du Bandama
C0222,Kouassi Oumar,F,61,Bouaké,Vallée du Bandama
C0223,Diallo Sarah,M,26,Bouaké,Vallée du Bandama
C0224,Yao Ibrahim,M,57,San-Pédro,Bas-Sassandra
C0225,Traoré Sarah,M,58,Abidjan,Lagunes
C0226,Yao Oumar,M,22,Yamoussoukro,Lacs
C0227,Diomandé Mohamed,F,21,Abidjan,Lagunes
C0228,Cissé Yasmine,F,57,San-Pédro,Bas-Sassandra
C0229,Bamba Sarah,F,49,Yamoussoukro,Lacs
C0230,Traoré Jean,M,32,Abidjan,Lagunes
C0231,Touré Jean,M,64,Yamoussoukro,Lacs
C0232,Konan Oumar,F,57,Yamoussoukro,Lacs
C0233,Bamba Ibrahim,F,23,Yamoussoukro,Lacs
C0234,Bamba Ibrahim,F,59,San-Pédro,Bas-Sassandra
C0235,Koffi Jean,F,47,Yamoussoukro,Lacs
C0236,Diomandé Fatou,M,55,Abidjan,Lagunes
C0237,Kouassi Oumar,M,50,Bouaké,Vallée du Bandama
C0238,Koffi Aminata,F,27,Abidjan,Lagunes
C0239,Diomandé Mohamed,M,55,Abidjan,Lagunes
C0240,Koffi Sarah,F,32,Abidjan,Lagunes
C0241,Bakayoko Oumar,M,64,San-Pédro,Bas-Sassandra
C0242,Konan Ibrahim,M,53,San-Pédro,Bas-Sassandra
C0243,Cissé Oumar,F,28,Bouaké,Vallée du Bandama
C0244,Cissé Sarah,F,23,San-Pédro,Bas-Sassandra
C0245,Bamba Mohamed,F,60,San-Pédro,Bas-Sassandra
C0246,Cissé Sarah,F,35,Abidjan,Lagunes
C0247,Kouassi Sarah,F,60,San-Pédro,Bas-Sassandra
C0248,Koffi Fatou,M,54,San-Pédro,Bas-Sassandra
C0249,Cissé Jean,F,48,Bouaké,Vallée du Bandama
C0250,Touré Aminata,M,46,Bouaké,Vallée du Bandama
C0251,Bakayoko Yasmine,F,28,Yamoussoukro,Lacs
C0252,Kouassi Oumar,M,43,Bouaké,Vallée du Bandama
C0253,Koffi Aminata,M,18,Yamoussoukro,Lacs
C0254,Traoré Moussa,M,57,Yamoussoukro,Lacs
C0255,Diallo Yasmine,M,26,Bouaké,Vallée du Bandama
C0256,Koffi Yasmine,M,43,Abidjan,Lagunes
C0257,Yao Fatou,M,43,Yamoussoukro,Lacs
C0258,Traoré Awa,M,35,Yamoussoukro,Lacs
C0259,Konan Jean,F,60,Yamoussoukro,Lacs
C0260,Diomandé Ibrahim,F,41,Abidjan,Lagunes
C0261,Bamba Fatou,F,41,Abidjan,Lagunes
C0262,Kouassi Aminata,F,45,Bouaké,Vallée du Bandama
C0263,Diallo Jean,M,34,San-Pédro,Bas-Sassandra
C0264,Touré Jean,F,39,San-Pédro,Bas-Sassandra
C0265,Bakayoko Jean,M,18,San-Pédro,Bas-Sassandra
C0266,Bamba Ibrahim,M,36,Bouaké,Vallée du Bandama
C0267,Kouassi Sarah,M,35,Abidjan,Lagunes
C0268,Yao Awa,F,45,Abidjan,Lagunes
C0269,Konan Aminata,M,21,Abidjan,Lagunes
C0270,Bakayoko Moussa,M,20,San-Pédro,Bas-Sassandra
C0271,Cissé Mohamed,M,63,Bouaké,Vallée du Bandama
C0272,Kouassi Moussa,M,45,San-Pédro,Bas-Sassandra
C0273,Konan Moussa,M,25,Abidjan,Lagunes
C0274,Touré Moussa,M,41,Yamoussoukro,Lacs
C0275,Diomandé Sarah,F,64,Abidjan,Lagunes
C0276,Yao Ibrahim,M,45,Yamoussoukro,Lacs
C0277,Bakayoko Awa,M,49,San-Pédro,Bas-Sassandra
C0278,Bakayoko Fatou,F,54,Bouaké,Vallée du Bandama
C0279,Diallo Moussa,F,35,Yamoussoukro,Lacs
C0280,Cissé Moussa,M,40,Abidjan,Lagunes
C0281,Yao Ibrahim,F,46,San-Pédro,Bas-Sassandra
C0282,Konan Awa,M,64,Abidjan,Lagunes
C0283,Koffi Mohamed,M,19,Yamoussoukro,Lacs
C0284,Bamba Moussa,F,37,Abidjan,Lagunes
C0285,Diallo Aminata,F,47,Abidjan,Lagunes
C0286,Konan Oumar,F,52,San-Pédro,Bas-Sassandra
C0287,Cissé Aminata,F,41,Abidjan,Lagunes
C0288,Cissé Sarah,M,63,Yamoussoukro,Lacs
C0289,Kouassi Awa,M,34,Bouaké,Vallée du Bandama
C0290,Touré Sarah,F,62,Abidjan,Lagunes
C0291,Bamba Yasmine,F,39,Yamoussoukro,Lacs
C0292,Koffi Mohamed,F,46,Abidjan,Lagunes
C0293,Konan Moussa,M,28,Bouaké,Vallée du Bandama
C0294,Konan Oumar,F,53,Abidjan,Lagunes
C0295,Traoré Awa,M,54,Abidjan,Lagunes
C0296,Traoré Mohamed,F,40,Abidjan,Lagunes
C0297,Cissé Aminata,M,44,Abidjan,Lagunes
C0298,Traoré Sarah,F,29,Abidjan,Lagunes
C0299,Touré Oumar,M,27,Abidjan,Lagunes
C0300,Kouassi Mohamed,M,45,Bouaké,Vallée du Bandama
C0301,Cissé Awa,F,60,Abidjan,Lagunes
C0302,Yao Oumar,F,43,Abidjan,Lagunes
C0303,Diallo Sarah,M,53,Abidjan,Lagunes
C0304,Diomandé Moussa,F,52,Bouaké,Vallée du Bandama
C0305,Konan Moussa,M,41,Bouaké,Vallée du Bandama
C0306,Traoré Oumar,F,50,Bouaké,Vallée du Bandama
C0307,Koffi Fatou,M,52,San-Pédro,Bas-Sassandra
C0308,Diomandé Jean,F,62,Yamoussoukro,Lacs
C0309,Konan Yasmine,F,19,Abidjan,Lagunes
C0310,Touré Yasmine,F,34,Abidjan,Lagunes
C0311,Touré Sarah,F,42,Yamoussoukro,Lacs
C0312,Yao Ibrahim,F,54,San-Pédro,Bas-Sassandra
C0313,Yao Aminata,F,29,Yamoussoukro,Lacs
C0314,Diallo Jean,M,34,Bouaké,Vallée du Bandama
C0315,Touré Moussa,M,64,San-Pédro,Bas-Sassandra
C0316,Bakayoko Ibrahim,F,48,Abidjan,Lagunes
C0317,Kouassi Moussa,M,33,Bouaké,Vallée du Bandama
C0318,Bakayoko Yasmine,F,42,San-Pédro,Bas-Sassandra
C0319,Diomandé Mohamed,M,62,Bouaké,Vallée du Bandama
C0320,Cissé Moussa,M,40,Bouaké,Vallée du Bandama
C0321,Diallo Aminata,F,24,Bouaké,Vallée du Bandama
C0322,Diallo Moussa,M,25,Bouaké,Vallée du Bandama
C0323,Diomandé Moussa,M,35,Yamoussoukro,Lacs
C0324,Koffi Moussa,M,35,Yamoussoukro,Lacs
C0325,Cissé Moussa,M,31,Yamoussoukro,Lacs
C0326,Bakayoko Ibrahim,F,62,Bouaké,Vallée du Bandama
C0327,Yao Oumar,M,57,Bouaké,Vallée du Bandama
C0328,Bamba Moussa,F,56,Yamoussoukro,Lacs
C0329,Bakayoko Jean,F,46,Bouaké,Vallée du Bandama
C0330,Touré Awa,M,33,Abidjan,Lagunes
C0331,Cissé Awa,M,52,Bouaké,Vallée du Bandama
C0332,Konan Moussa,M,30,Bouaké,Vallée du Bandama
C0333,Yao Moussa,F,46,Bouaké,Vallée du Bandama
C0334,Kouassi Oumar,F,33,San-Pédro,Bas-Sassandra
C0335,Touré Mohamed,F,42,Yamoussoukro,Lacs
C0336,Bamba Fatou,M,18,Bouaké,Vallée du Bandama
C0337,Kouassi Ibrahim,M,31,San-Pédro,Bas-Sassandra
C0338,Konan Fatou,F,54,Abidjan,Lagunes
C0339,Kouassi Oumar,F,32,Abidjan,Lagunes
C0340,Kouassi Yasmine,F,21,San-Pédro,Bas-Sassandra
C0341,Diomandé Mohamed,M,54,Yamoussoukro,Lacs
C0342,Traoré Moussa,F,63,San-Pédro,Bas-Sassandra
C0343,Diomandé Awa,M,24,San-Pédro,Bas-Sassandra
C0344,Koffi Sarah,F,46,Yamoussoukro,Lacs
C0345,Traoré Oumar,M,62,Bouaké,Vallée du Bandama
C0346,Cissé Awa,M,43,Abidjan,Lagunes
C0347,Kouassi Mohamed,M,23,Abidjan,Lagunes
C0348,Diallo Aminata,M,40,Abidjan,Lagunes
C0349,Touré Ibrahim,F,59,Yamoussoukro,Lacs
C0350,Konan Awa,F,34,San-Pédro,Bas-Sassandra
C0351,Yao Ibrahim,F,30,San-Pédro,Bas-Sassandra
C0352,Touré Yasmine,F,31,Abidjan,Lagunes
C0353,Konan Yasmine,F,20,Yamoussoukro,Lacs
C0354,Touré Ibrahim,M,51,San-Pédro,Bas-Sassandra
C0355,Cissé Yasmine,M,57,Abidjan,Lagunes
C0356,Diallo Awa,F,32,Bouaké,Vallée du Bandama
C0357,Bakayoko Oumar,F,43,Bouaké,Vallée du Bandama
C0358,Traoré Oumar,F,30,San-Pédro,Bas-Sassandra
C0359,Diallo Jean,F,57,Abidjan,Lagunes
C0360,Yao Mohamed,M,57,Bouaké,Vallée du Bandama
C0361,Bakayoko Jean,F,41,Yamoussoukro,Lacs
C0362,Bakayoko Jean,M,58,Abidjan,Lagunes
C0363,Diomandé Yasmine,M,59,San-Pédro,Bas-Sassandra
C0364,Diomandé Aminata,F,24,Abidjan,Lagunes
C0365,Diomandé Mohamed,M,48,Yamoussoukro,Lacs
C0366,Cissé Mohamed,F,60,Abidjan,Lagunes
C0367,Bamba Awa,F,19,Bouaké,Vallée du Bandama
C0368,Bamba Awa,F,30,Bouaké,Vallée du Bandama
C0369,Diomandé Jean,M,34,San-Pédro,Bas-Sassandra
C0370,Konan Sarah,M,52,San-Pédro,Bas-Sassandra
C0371,Traoré Ibrahim,F,24,Bouaké,Vallée du Bandama
C0372,Touré Awa,M,45,San-Pédro,Bas-Sassandra
C0373,Diallo Aminata,F,37,San-Pédro,Bas-Sassandra
C0374,Koffi Awa,F,44,San-Pédro,Bas-Sassandra
C0375,Kouassi Aminata,M,27,Bouaké,Vallée du Bandama
C0376,Kouassi Aminata,F,35,Bouaké,Vallée du Bandama
C0377,Koffi Ibrahim,F,29,Yamoussoukro,Lacs
C0378,Diomandé Jean,F,64,Yamoussoukro,Lacs
C0379,Yao Mohamed,M,43,Bouaké,Vallée du Bandama
C0380,Konan Fatou,M,52,Abidjan,Lagunes
C0381,Touré Moussa,M,46,Abidjan,Lagunes
C0382,Diomandé Fatou,F,19,Yamoussoukro,Lacs
C0383,Koffi Aminata,M,44,Yamoussoukro,Lacs
C0384,Kouassi Sarah,F,46,Abidjan,Lagunes
C0385,Diallo Fatou,F,36,Abidjan,Lagunes
C0386,Diallo Ibrahim,M,18,Bouaké,Vallée du Bandama
C0387,Traoré Awa,M,52,San-Pédro,Bas-Sassandra
C0388,Kouassi Yasmine,F,29,Bouaké,Vallée du Bandama
C0389,Diomandé Sarah,F,63,Abidjan,Lagunes
C0390,Kouassi Oumar,F,32,Yamoussoukro,Lacs
C0391,Konan Fatou,M,20,Abidjan,Lagunes
C0392,Diallo Sarah,F,20,San-Pédro,Bas-Sassandra
C0393,Touré Moussa,M,61,San-Pédro,Bas-Sassandra
C0394,Koffi Yasmine,F,39,Bouaké,Vallée du Bandama
C0395,Diallo Oumar,F,41,San-Pédro,Bas-Sassandra
C0396,Diomandé Jean,F,38,Bouaké,Vallée du Bandama
C0397,Konan Aminata,F,28,Abidjan,Lagunes
C0398,Touré Jean,F,55,Abidjan,Lagunes
C0399,Bakayoko Aminata,M,41,Abidjan,Lagunes
C0400,Kouassi Yasmine,F,49,Yamoussoukro,Lacs
C0401,Traoré Aminata,F,37,Abidjan,Lagunes
C0402,Cissé Sarah,F,50,Bouaké,Vallée du Bandama
C0403,Kouassi Jean,M,30,Bouaké,Vallée du Bandama
C0404,Kouassi Fatou,F,39,Yamoussoukro,Lacs
C0405,Konan Aminata,M,43,Bouaké,Vallée du Bandama
C0406,Cissé Awa,M,51,Bouaké,Vallée du Bandama
C0407,Bamba Jean,F,28,Abidjan,Lagunes
C0408,Yao Aminata,M,23,Abidjan,Lagunes
C0409,Bamba Yasmine,F,29,San-Pédro,Bas-Sassandra
C0410,Bakayoko Awa,F,37,Bouaké,Vallée du Bandama
C0411,Diomandé Moussa,M,37,San-Pédro,Bas-Sassandra
C0412,Koffi Aminata,F,39,Bouaké,Vallée du Bandama
C0413,Yao Yasmine,F,59,Bouaké,Vallée du Bandama
C0414,Diomandé Awa,F,29,Yamoussoukro,Lacs
C0415,Touré Ibrahim,F,36,Yamoussoukro,Lacs
C0416,Koffi Sarah,M,49,Yamoussoukro,Lacs
C0417,Konan Aminata,F,36,Bouaké,Vallée du Bandama
C0418,Diallo Sarah,M,20,San-Pédro,Bas-Sassandra
C0419,Cissé Ibrahim,M,46,Bouaké,Vallée du Bandama
C0420,Kouassi Moussa,F,47,Abidjan,Lagunes
C0421,Cissé Sarah,F,54,San-Pédro,Bas-Sassandra
C0422,Koffi Sarah,F,49,Abidjan,Lagunes
C0423,Koffi Mohamed,M,51,San-Pédro,Bas-Sassandra
C0424,Koffi Awa,M,51,San-Pédro,Bas-Sassandra
C0425,Traoré Moussa,F,29,Yamoussoukro,Lacs
C0426,Konan Sarah,M,32,Abidjan,Lagunes
C0427,Yao Mohamed,F,53,San-Pédro,Bas-Sassandra
C0428,Bamba Mohamed,F,31,Bouaké,Vallée du Bandama
C0429,Konan Moussa,M,22,Bouaké,Vallée du Bandama
C0430,Touré Aminata,F,64,Bouaké,Vallée du Bandama
C0431,Bakayoko Moussa,M,37,Bouaké,Vallée du Bandama
C0432,Bamba Aminata,M,42,Abidjan,Lagunes
C0433,Konan Ibrahim,M,22,Yamoussoukro,Lacs
C0434,Kouassi Sarah,F,53,Abidjan,Lagunes
C0435,Bamba Mohamed,M,31,San-Pédro,Bas-Sassandra
C0436,Cissé Mohamed,F,47,Abidjan,Lagunes
C0437,Kouassi Oumar,F,25,Yamoussoukro,Lacs
C0438,Kouassi Yasmine,F,37,San-Pédro,Bas-Sassandra
C0439,Touré Oumar,M,54,San-Pédro,Bas-Sassandra
C0440,Diallo Jean,M,61,San-Pédro,Bas-Sassandra
C0441,Traoré Fatou,F,31,Bouaké,Vallée du Bandama
C0442,Touré Oumar,F,43,Abidjan,Lagunes
C0443,Kouassi Moussa,M,23,Abidjan,Lagunes
C0444,Diallo Oumar,M,31,San-Pédro,Bas-Sassandra
C0445,Cissé Fatou,M,41,Yamoussoukro,Lacs
C0446,Diomandé Awa,M,46,Abidjan,Lagunes
C0447,Bamba Sarah,M,60,Bouaké,Vallée du Bandama
C0448,Bamba Aminata,F,40,San-Pédro,Bas-Sassandra
C0449,Koffi Awa,F,25,Bouaké,Vallée du Bandama
C0450,Diallo Jean,M,25,Abidjan,Lagunes
C0451,Traoré Oumar,M,39,Yamoussoukro,Lacs
C0452,Konan Jean,M,43,Yamoussoukro,Lacs
C0453,Cissé Awa,F,34,Bouaké,Vallée du Bandama
C0454,Bakayoko Sarah,M,29,Yamoussoukro,Lacs
C0455,Bakayoko Yasmine,F,21,Abidjan,Lagunes
C0456,Kouassi Ibrahim,M,33,Bouaké,Vallée du Bandama
C0457,Diallo Oumar,M,43,Bouaké,Vallée du Bandama
C0458,Konan Awa,F,23,Yamoussoukro,Lacs
C0459,Touré Jean,M,42,San-Pédro,Bas-Sassandra
C0460,Touré Oumar,M,48,Abidjan,Lagunes
C0461,Diomandé Fatou,F,55,Bouaké,Vallée du Bandama
C0462,Koffi Aminata,M,23,Bouaké,Vallée du Bandama
C0463,Konan Yasmine,M,36,Abidjan,Lagunes
C0464,Diomandé Jean,F,24,Abidjan,Lagunes
C0465,Diallo Jean,F,24,Yamoussoukro,Lacs
C0466,Diallo Ibrahim,F,46,Abidjan,Lagunes
C0467,Kouassi Jean,F,52,San-Pédro,Bas-Sassandra
C0468,Traoré Mohamed,M,52,San-Pédro,Bas-Sassandra
C0469,Cissé Awa,F,26,Yamoussoukro,Lacs
C0470,Diallo Mohamed,F,19,Bouaké,Vallée du Bandama
C0471,Diallo Mohamed,M,29,Abidjan,Lagunes
C0472,Konan Oumar,M,61,San-Pédro,Bas-Sassandra
C0473,Diomandé Moussa,F,63,Bouaké,Vallée du Bandama
C0474,Diomandé Oumar,M,60,Yamoussoukro,Lacs
C0475,Diallo Yasmine,F,28,Yamoussoukro,Lacs
C0476,Koffi Oumar,M,39,Yamoussoukro,Lacs
C0477,Konan Fatou,F,63,Yamoussoukro,Lacs
C0478,Yao Sarah,F,59,San-Pédro,Bas-Sassandra
C0479,Konan Awa,M,30,San-Pédro,Bas-Sassandra
C0480,Cissé Yasmine,F,28,Yamoussoukro,Lacs
C0481,Cissé Moussa,M,48,Yamoussoukro,Lacs
C0482,Bakayoko Jean,F,59,San-Pédro,Bas-Sassandra
C0483,Koffi Fatou,F,24,Bouaké,Vallée du Bandama
C0484,Kouassi Sarah,M,59,Yamoussoukro,Lacs
C0485,Diomandé Moussa,F,38,Bouaké,Vallée du Bandama
C0486,Touré Mohamed,M,32,Bouaké,Vallée du Bandama
C0487,Bakayoko Mohamed,M,59,San-Pédro,Bas-Sassandra
C0488,Bakayoko Jean,F,44,Abidjan,Lagunes
C0489,Koffi Awa,F,36,San-Pédro,Bas-Sassandra
C0490,Bamba Mohamed,M,35,Yamoussoukro,Lacs
C0491,Koffi Mohamed,M,22,Yamoussoukro,Lacs
C0492,Kouassi Ibrahim,F,51,Abidjan,Lagunes
C0493,Bamba Oumar,M,39,San-Pédro,Bas-Sassandra
C0494,Diallo Ibrahim,F,24,San-Pédro,Bas-Sassandra
C0495,Diomandé Mohamed,M,31,Abidjan,Lagunes
C0496,Touré Yasmine,F,52,Yamoussoukro,Lacs
C0497,Diallo Awa,M,59,Bouaké,Vallée du Bandama
C0498,Bamba Yasmine,M,28,Yamoussoukro,Lacs
C0499,Bakayoko Ibrahim,F,43,Bouaké,Vallée du Bandama
C0500,Cissé Moussa,M,63,San-Pédro,Bas-Sassandra
C0501,Bakayoko Oumar,M,53,Yamoussoukro,Lacs
C0502,Touré Sarah,M,23,Abidjan,Lagunes
C0503,Bamba Fatou,M,19,San-Pédro,Bas-Sassandra
C0504,Diallo Oumar,F,55,San-Pédro,Bas-Sassandra
C0505,Konan Ibrahim,F,61,Abidjan,Lagunes
C0506,Cissé Ibrahim,F,23,Bouaké,Vallée du Bandama
C0507,Bamba Awa,F,34,Yamoussoukro,Lacs
C0508,Konan Moussa,F,25,Bouaké,Vallée du Bandama
C0509,Cissé Fatou,M,30,Abidjan,Lagunes
C0510,Touré Moussa,F,59,Bouaké,Vallée du Bandama
C0511,Touré Moussa,F,29,Abidjan,Lagunes
C0512,Bakayoko Fatou,M,33,Bouaké,Vallée du Bandama
C0513,Bamba Ibrahim,F,22,San-Pédro,Bas-Sassandra
C0514,Bakayoko Sarah,F,18,Abidjan,Lagunes
C0515,Diallo Fatou,F,39,Bouaké,Vallée du Bandama
C0516,Bakayoko Moussa,F,50,Abidjan,Lagunes
C0517,Traoré Fatou,F,31,San-Pédro,Bas-Sassandra
C0518,Kouassi Moussa,F,62,Bouaké,Vallée du Bandama
C0519,Touré Oumar,F,44,Abidjan,Lagunes
C0520,Touré Jean,M,20,San-Pédro,Bas-Sassandra
C0521,Bamba Mohamed,F,35,Yamoussoukro,Lacs
C0522,Traoré Ibrahim,F,60,Yamoussoukro,Lacs
C0523,Traoré Oumar,F,59,San-Pédro,Bas-Sassandra
C0524,Kouassi Mohamed,F,35,Abidjan,Lagunes
C0525,Yao Sarah,F,47,Bouaké,Vallée du Bandama
C0526,Traoré Ibrahim,F,24,San-Pédro,Bas-Sassandra
C0527,Touré Oumar,M,19,Yamoussoukro,Lacs
C0528,Konan Ibrahim,F,31,San-Pédro,Bas-Sassandra
C0529,Konan Mohamed,M,19,Abidjan,Lagunes
C0530,Traoré Jean,F,48,Bouaké,Vallée du Bandama
C0531,Kouassi Aminata,F,20,Yamoussoukro,Lacs
C0532,Touré Aminata,M,30,Abidjan,Lagunes
C0533,Konan Sarah,M,51,San-Pédro,Bas-Sassandra
C0534,Touré Fatou,M,29,San-Pédro,Bas-Sassandra
C0535,Koffi Awa,M,23,San-Pédro,Bas-Sassandra
C0536,Diomandé Awa,F,40,Yamoussoukro,Lacs
C0537,Yao Oumar,M,51,Bouaké,Vallée du Bandama
C0538,Touré Awa,F,28,Bouaké,Vallée du Bandama
C0539,Bakayoko Yasmine,M,36,Abidjan,Lagunes
C0540,Yao Oumar,M,45,Bouaké,Vallée du Bandama
C0541,Yao Moussa,F,33,San-Pédro,Bas-Sassandra
C0542,Kouassi Fatou,F,56,San-Pédro,Bas-Sassandra
C0543,Kouassi Oumar,M,46,San-Pédro,Bas-Sassandra
C0544,Koffi Aminata,M,54,San-Pédro,Bas-Sassandra
C0545,Yao Moussa,M,45,Bouaké,Vallée du Bandama
C0546,Bamba Oumar,M,39,Abidjan,Lagunes
C0547,Bamba Awa,F,44,Abidjan,Lagunes
C0548,Traoré Aminata,M,38,Bouaké,Vallée du Bandama
C0549,Bamba Mohamed,F,56,Abidjan,Lagunes
C0550,Kouassi Oumar,F,62,Abidjan,Lagunes
C0551,Diallo Awa,M,62,San-Pédro,Bas-Sassandra
C0552,Koffi Jean,M,28,Yamoussoukro,Lacs
C0553,Diallo Fatou,F,43,Bouaké,Vallée du Bandama
C0554,Koffi Awa,F,35,San-Pédro,Bas-Sassandra
C0555,Yao Yasmine,M,46,Bouaké,Vallée du Bandama
C0556,Cissé Oumar,F,30,Abidjan,Lagunes
C0557,Touré Jean,F,26,Abidjan,Lagunes
C0558,Kouassi Awa,F,46,Abidjan,Lagunes
C0559,Cissé Awa,F,57,Abidjan,Lagunes
C0560,Diomandé Moussa,F,25,Yamoussoukro,Lacs
C0561,Traoré Sarah,M,32,Abidjan,Lagunes
C0562,Bamba Sarah,M,36,Abidjan,Lagunes
C0563,Kouassi Moussa,M,25,Abidjan,Lagunes
C0564,Bakayoko Yasmine,M,60,Abidjan,Lagunes
C0565,Yao Sarah,M,41,Abidjan,Lagunes
C0566,Diallo Fatou,M,57,Bouaké,Vallée du Bandama
C0567,Koffi Fatou,M,36,Yamoussoukro,Lacs
C0568,Yao Ibrahim,M,22,Abidjan,Lagunes
C0569,Traoré Sarah,F,27,Bouaké,Vallée du Bandama
C0570,Kouassi Sarah,F,57,Abidjan,Lagunes
C0571,Touré Awa,M,20,Abidjan,Lagunes
C0572,Koffi Fatou,F,58,Abidjan,Lagunes
C0573,Touré Mohamed,M,27,Abidjan,Lagunes
C0574,Koffi Sarah,F,30,Abidjan,Lagunes
C0575,Konan Mohamed,M,34,San-Pédro,Bas-Sassandra
C0576,Konan Moussa,M,42,San-Pédro,Bas-Sassandra
C0577,Diomandé Mohamed,M,39,San-Pédro,Bas-Sassandra
C0578,Koffi Oumar,F,49,Yamoussoukro,Lacs
C0579,Kouassi Sarah,M,52,Bouaké,Vallée du Bandama
C0580,Bamba Moussa,M,29,Abidjan,Lagunes
C0581,Konan Oumar,M,38,Bouaké,Vallée du Bandama
C0582,Bakayoko Sarah,F,24,Yamoussoukro,Lacs
C0583,Diomandé Aminata,F,60,Abidjan,Lagunes
C0584,Traoré Awa,F,46,Abidjan,Lagunes
C0585,Koffi Awa,M,32,Yamoussoukro,Lacs
C0586,Bamba Sarah,F,30,Bouaké,Vallée du Bandama
C0587,Diomandé Oumar,M,50,San-Pédro,Bas-Sassandra
C0588,Yao Aminata,M,40,Abidjan,Lagunes
C0589,Bamba Yasmine,F,54,Yamoussoukro,Lacs
C0590,Bakayoko Mohamed,F,33,San-Pédro,Bas-Sassandra
C0591,Kouassi Oumar,M,18,San-Pédro,Bas-Sassandra
C0592,Bakayoko Ibrahim,F,59,Bouaké,Vallée du Bandama
C0593,Diomandé Yasmine,F,38,San-Pédro,Bas-Sassandra
C0594,Bamba Awa,M,30,Abidjan,Lagunes
C0595,Koffi Fatou,F,59,Bouaké,Vallée du Bandama
C0596,Cissé Aminata,F,34,Bouaké,Vallée du Bandama
C0597,Touré Awa,M,37,Yamoussoukro,Lacs
C0598,Yao Moussa,F,36,Abidjan,Lagunes
C0599,Cissé Fatou,M,21,San-Pédro,Bas-Sassandra
C0600,Cissé Sarah,F,52,Bouaké,Vallée du Bandama
C0601,Diallo Aminata,M,57,Yamoussoukro,Lacs
C0602,Diallo Mohamed,F,63,San-Pédro,Bas-Sassandra
C0603,Touré Fatou,M,24,San-Pédro,Bas-Sassandra
C0604,Yao Sarah,M,33,Bouaké,Vallée du Bandama
C0605,Bamba Fatou,F,41,Bouaké,Vallée du Bandama
C0606,Konan Ibrahim,M,36,Abidjan,Lagunes
C0607,Yao Aminata,F,62,San-Pédro,Bas-Sassandra
C0608,Cissé Aminata,M,48,San-Pédro,Bas-Sassandra
C0609,Yao Fatou,F,50,Bouaké,Vallée du Bandama
C0610,Koffi Jean,M,45,Yamoussoukro,Lacs
C0611,Diomandé Yasmine,F,62,Abidjan,Lagunes
C0612,Kouassi Aminata,F,37,San-Pédro,Bas-Sassandra
C0613,Diomandé Aminata,M,31,San-Pédro,Bas-Sassandra
C0614,Diomandé Moussa,M,43,San-Pédro,Bas-Sassandra
C0615,Diallo Yasmine,F,27,Bouaké,Vallée du Bandama
C0616,Yao Jean,F,62,Bouaké,Vallée du Bandama
C0617,Kouassi Ibrahim,M,36,Bouaké,Vallée du Bandama
C0618,Yao Mohamed,M,22,Abidjan,Lagunes
C0619,Diallo Fatou,M,38,Bouaké,Vallée du Bandama
C0620,Diallo Fatou,F,43,San-Pédro,Bas-Sassandra
C0621,Bamba Moussa,F,52,Abidjan,Lagunes
C0622,Bakayoko Yasmine,F,23,Abidjan,Lagunes
C0623,Traoré Yasmine,M,37,San-Pédro,Bas-Sassandra
C0624,Touré Fatou,M,47,San-Pédro,Bas-Sassandra
C0625,Cissé Aminata,F,24,Yamoussoukro,Lacs
C0626,Bamba Sarah,F,33,San-Pédro,Bas-Sassandra
C0627,Traoré Mohamed,M,30,Bouaké,Vallée du Bandama
C0628,Touré Fatou,F,60,San-Pédro,Bas-Sassandra
C0629,Konan Mohamed,M,38,San-Pédro,Bas-Sassandra
C0630,Konan Jean,M,24,Bouaké,Vallée du Bandama
C0631,Konan Sarah,M,37,San-Pédro,Bas-Sassandra
C0632,Bamba Oumar,F,43,San-Pédro,Bas-Sassandra
C0633,Bakayoko Yasmine,M,38,Bouaké,Vallée du Bandama
C0634,Diallo Ibrahim,M,43,Abidjan,Lagunes
C0635,Bakayoko Jean,M,42,Abidjan,Lagunes
C0636,Touré Yasmine,M,21,Yamoussoukro,Lacs
C0637,Cissé Yasmine,M,39,Yamoussoukro,Lacs
C0638,Kouassi Jean,F,51,San-Pédro,Bas-Sassandra
C0639,Cissé Yasmine,M,39,Abidjan,Lagunes
C0640,Kouassi Awa,F,63,Bouaké,Vallée du Bandama
C0641,Konan Jean,F,38,Abidjan,Lagunes
C0642,Konan Aminata,F,19,Bouaké,Vallée du Bandama
C0643,Konan Ibrahim,M,56,Bouaké,Vallée du Bandama
C0644,Bakayoko Sarah,F,27,Yamoussoukro,Lacs
C0645,Yao Jean,F,49,Yamoussoukro,Lacs
C0646,Diallo Fatou,F,21,Bouaké,Vallée du Bandama
C0647,Koffi Aminata,M,57,Abidjan,Lagunes
C0648,Traoré Fatou,F,31,Yamoussoukro,Lacs
C0649,Touré Sarah,F,45,Bouaké,Vallée du Bandama
C0650,Kouassi Awa,M,20,San-Pédro,Bas-Sassandra
C0651,Kouassi Mohamed,F,52,Bouaké,Vallée du Bandama
C0652,Bamba Fatou,M,42,Yamoussoukro,Lacs
C0653,Konan Ibrahim,M,28,San-Pédro,Bas-Sassandra
C0654,Cissé Sarah,F,45,Abidjan,Lagunes
C0655,Koffi Oumar,M,25,Yamoussoukro,Lacs
C0656,Touré Sarah,F,59,San-Pédro,Bas-Sassandra
C0657,Koffi Aminata,F,19,Yamoussoukro,Lacs
C0658,Yao Ibrahim,M,60,San-Pédro,Bas-Sassandra
C0659,Traoré Jean,F,18,Yamoussoukro,Lacs
C0660,Bakayoko Oumar,F,60,Abidjan,Lagunes
C0661,Koffi Aminata,F,36,San-Pédro,Bas-Sassandra
C0662,Touré Moussa,F,18,Yamoussoukro,Lacs
C0663,Bamba Oumar,M,47,Abidjan,Lagunes
C0664,Konan Fatou,F,55,Bouaké,Vallée du Bandama
C0665,Diomandé Moussa,F,44,Abidjan,Lagunes
C0666,Touré Ibrahim,M,21,Abidjan,Lagunes
C0667,Koffi Awa,F,22,Yamoussoukro,Lacs
C0668,Touré Fatou,F,23,Yamoussoukro,Lacs
C0669,Touré Awa,M,61,San-Pédro,Bas-Sassandra
C0670,Touré Oumar,F,51,Bouaké,Vallée du Bandama
C0671,Yao Mohamed,F,38,San-Pédro,Bas-Sassandra
C0672,Bakayoko Mohamed,F,50,Abidjan,Lagunes
C0673,Yao Fatou,F,58,Yamoussoukro,Lacs
C0674,Konan Mohamed,M,40,San-Pédro,Bas-Sassandra
C0675,Traoré Jean,M,61,Yamoussoukro,Lacs
C0676,Diomandé Ibrahim,M,37,Abidjan,Lagunes
C0677,Konan Awa,M,57,San-Pédro,Bas-Sassandra
C0678,Bamba Aminata,M,37,San-Pédro,Bas-Sassandra
C0679,Kouassi Sarah,M,40,San-Pédro,Bas-Sassandra
C0680,Yao Fatou,F,42,Yamoussoukro,Lacs
C0681,Traoré Oumar,M,63,San-Pédro,Bas-Sassandra
C0682,Koffi Jean,M,26,Yamoussoukro,Lacs
C0683,Konan Ibrahim,M,23,Yamoussoukro,Lacs
C0684,Diomandé Moussa,M,44,Bouaké,Vallée du Bandama
C0685,Bakayoko Aminata,F,53,Abidjan,Lagunes
C0686,Bakayoko Ibrahim,M,47,Yamoussoukro,Lacs
C0687,Diomandé Fatou,M,42,San-Pédro,Bas-Sassandra
C0688,Bakayoko Mohamed,F,40,Bouaké,Vallée du Bandama
C0689,Touré Ibrahim,F,20,Bouaké,Vallée du Bandama
C0690,Yao Yasmine,F,37,Abidjan,Lagunes
C0691,Bamba Yasmine,M,36,Yamoussoukro,Lacs
C0692,Koffi Sarah,F,53,San-Pédro,Bas-Sassandra
C0693,Kouassi Yasmine,F,50,San-Pédro,Bas-Sassandra
C0694,Koffi Yasmine,F,28,Abidjan,Lagunes
C0695,Yao Yasmine,M,31,Bouaké,Vallée du Bandama
C0696,Touré Fatou,M,21,San-Pédro,Bas-Sassandra
C0697,Bakayoko Awa,M,63,Bouaké,Vallée du Bandama
C0698,Touré Sarah,M,33,Abidjan,Lagunes
C0699,Kouassi Ibrahim,M,63,Bouaké,Vallée du Bandama
C0700,Diallo Oumar,M,37,Abidjan,Lagunes
C0701,Yao Jean,M,26,Abidjan,Lagunes
C0702,Touré Fatou,M,34,Bouaké,Vallée du Bandama
C0703,Bakayoko Jean,F,62,Yamoussoukro,Lacs
C0704,Bakayoko Aminata,F,63,Yamoussoukro,Lacs
C0705,Touré Ibrahim,F,46,Bouaké,Vallée du Bandama
C0706,Bakayoko Oumar,M,55,San-Pédro,Bas-Sassandra
C0707,Touré Ibrahim,F,24,San-Pédro,Bas-Sassandra
C0708,Koffi Aminata,F,62,Yamoussoukro,Lacs
C0709,Traoré Awa,F,51,Yamoussoukro,Lacs
C0710,Bamba Yasmine,M,25,Yamoussoukro,Lacs
C0711,Traoré Aminata,F,42,Bouaké,Vallée du Bandama
C0712,Kouassi Aminata,F,44,San-Pédro,Bas-Sassandra
C0713,Yao Mohamed,M,46,Abidjan,Lagunes
C0714,Kouassi Ibrahim,F,31,Yamoussoukro,Lacs
C0715,Koffi Sarah,M,30,Abidjan,Lagunes
C0716,Traoré Jean,F,25,Yamoussoukro,Lacs
C0717,Koffi Jean,F,56,Abidjan,Lagunes
C0718,Diallo Jean,F,59,Yamoussoukro,Lacs
C0719,Traoré Yasmine,M,41,Abidjan,Lagunes
C0720,Kouassi Yasmine,M,41,Abidjan,Lagunes
C0721,Yao Moussa,M,58,Yamoussoukro,Lacs
C0722,Diomandé Ibrahim,M,30,Yamoussoukro,Lacs
C0723,Kouassi Sarah,F,36,San-Pédro,Bas-Sassandra
C0724,Bakayoko Sarah,M,62,San-Pédro,Bas-Sassandra
C0725,Kouassi Mohamed,M,45,Bouaké,Vallée du Bandama
C0726,Diallo Sarah,M,44,Bouaké,Vallée du Bandama
C0727,Bamba Moussa,M,64,San-Pédro,Bas-Sassandra
C0728,Konan Awa,F,21,Bouaké,Vallée du Bandama
C0729,Kouassi Fatou,F,54,Yamoussoukro,Lacs
C0730,Bakayoko Fatou,M,50,San-Pédro,Bas-Sassandra
C0731,Cissé Ibrahim,M,58,Yamoussoukro,Lacs
C0732,Konan Yasmine,F,19,Yamoussoukro,Lacs
C0733,Diomandé Mohamed,F,35,Yamoussoukro,Lacs
C0734,Traoré Yasmine,M,56,San-Pédro,Bas-Sassandra
C0735,Yao Fatou,F,44,Abidjan,Lagunes
C0736,Konan Aminata,M,33,Bouaké,Vallée du Bandama
C0737,Bakayoko Awa,M,58,Bouaké,Vallée du Bandama
C0738,Yao Jean,M,62,Yamoussoukro,Lacs
C0739,Cissé Oumar,M,48,Abidjan,Lagunes
C0740,Bamba Sarah,M,55,San-Pédro,Bas-Sassandra
C0741,Diallo Aminata,M,35,San-Pédro,Bas-Sassandra
C0742,Yao Moussa,M,55,Bouaké,Vallée du Bandama
C0743,Konan Ibrahim,M,45,San-Pédro,Bas-Sassandra
C0744,Touré Moussa,F,28,San-Pédro,Bas-Sassandra
C0745,Cissé Yasmine,F,53,San-Pédro,Bas-Sassandra
C0746,Kouassi Sarah,M,51,San-Pédro,Bas-Sassandra
C0747,Diallo Moussa,F,54,San-Pédro,Bas-Sassandra
C0748,Kouassi Jean,M,37,Yamoussoukro,Lacs
C0749,Cissé Awa,F,52,Yamoussoukro,Lacs
C0750,Diomandé Jean,M,55,San-Pédro,Bas-Sassandra
C0751,Diallo Sarah,F,29,Bouaké,Vallée du Bandama
C0752,Kouassi Fatou,M,62,Bouaké,Vallée du Bandama
C0753,Diallo Sarah,F,20,Yamoussoukro,Lacs
C0754,Koffi Mohamed,M,63,Bouaké,Vallée du Bandama
C0755,Diomandé Mohamed,M,23,Yamoussoukro,Lacs
C0756,Diallo Mohamed,M,54,Bouaké,Vallée du Bandama
C0757,Diallo Ibrahim,M,23,San-Pédro,Bas-Sassandra
C0758,Konan Yasmine,M,46,Abidjan,Lagunes
C0759,Diomandé Fatou,M,62,San-Pédro,Bas-Sassandra
C0760,Traoré Fatou,M,54,Abidjan,Lagunes
C0761,Kouassi Awa,M,39,Abidjan,Lagunes
C0762,Diomandé Moussa,M,20,Bouaké,Vallée du Bandama
C0763,Konan Ibrahim,F,38,Bouaké,Vallée du Bandama
C0764,Diallo Moussa,F,18,San-Pédro,Bas-Sassandra
C0765,Bakayoko Ibrahim,M,64,Bouaké,Vallée du Bandama
C0766,Diomandé Fatou,M,34,Yamoussoukro,Lacs
C0767,Konan Sarah,F,41,Bouaké,Vallée du Bandama
C0768,Yao Oumar,M,38,San-Pédro,Bas-Sassandra
C0769,Diallo Jean,M,53,Bouaké,Vallée du Bandama
C0770,Yao Oumar,F,28,Bouaké,Vallée du Bandama
C0771,Traoré Oumar,F,28,Yamoussoukro,Lacs
C0772,Diallo Jean,F,37,Abidjan,Lagunes
C0773,Cissé Aminata,M,36,Bouaké,Vallée du Bandama
C0774,Koffi Aminata,M,53,Bouaké,Vallée du Bandama
C0775,Diomandé Jean,F,41,Yamoussoukro,Lacs
C0776,Diomandé Yasmine,M,34,Yamoussoukro,Lacs
C0777,Diallo Awa,F,64,Yamoussoukro,Lacs
C0778,Koffi Moussa,M,52,San-Pédro,Bas-Sassandra
C0779,Touré Sarah,F,62,Abidjan,Lagunes
C0780,Kouassi Jean,M,49,San-Pédro,Bas-Sassandra
C0781,Yao Aminata,M,22,Abidjan,Lagunes
C0782,Bamba Awa,F,39,Abidjan,Lagunes
C0783,Traoré Ibrahim,F,27,Bouaké,Vallée du Bandama
C0784,Diallo Awa,M,41,Yamoussoukro,Lacs
C0785,Bakayoko Yasmine,F,64,Yamoussoukro,Lacs
C0786,Yao Awa,F,43,Abidjan,Lagunes
C0787,Bakayoko Moussa,F,24,Yamoussoukro,Lacs
C0788,Kouassi Fatou,M,54,Abidjan,Lagunes
C0789,Diallo Sarah,F,22,San-Pédro,Bas-Sassandra
C0790,Touré Jean,F,52,Bouaké,Vallée du Bandama
C0791,Bakayoko Moussa,M,51,Bouaké,Vallée du Bandama
C0792,Koffi Aminata,M,52,San-Pédro,Bas-Sassandra
C0793,Yao Awa,M,36,Yamoussoukro,Lacs
C0794,Traoré Awa,F,34,Yamoussoukro,Lacs
C0795,Konan Mohamed,F,33,Bouaké,Vallée du Bandama
C0796,Konan Awa,F,30,San-Pédro,Bas-Sassandra
C0797,Konan Moussa,M,25,Yamoussoukro,Lacs
C0798,Bakayoko Moussa,M,46,Yamoussoukro,Lacs
C0799,Diallo Moussa,M,34,Abidjan,Lagunes
C0800,Diallo Oumar,M,36,Abidjan,Lagunes
C0801,Touré Aminata,M,34,Yamoussoukro,Lacs
C0802,Bamba Mohamed,F,53,San-Pédro,Bas-Sassandra
C0803,Traoré Fatou,F,49,Bouaké,Vallée du Bandama
C0804,Konan Fatou,M,41,Yamoussoukro,Lacs
C0805,Traoré Fatou,M,40,San-Pédro,Bas-Sassandra
C0806,Konan Moussa,M,31,Bouaké,Vallée du Bandama
C0807,Konan Sarah,F,28,Abidjan,Lagunes
C0808,Kouassi Yasmine,M,46,Bouaké,Vallée du Bandama
C0809,Konan Aminata,F,34,Yamoussoukro,Lacs
C0810,Bakayoko Awa,F,58,Bouaké,Vallée du Bandama
C0811,Diallo Yasmine,F,46,San-Pédro,Bas-Sassandra
C0812,Diomandé Yasmine,M,60,Yamoussoukro,Lacs
C0813,Touré Awa,F,21,San-Pédro,Bas-Sassandra
C0814,Konan Ibrahim,M,36,Abidjan,Lagunes
C0815,Traoré Sarah,F,54,Abidjan,Lagunes
C0816,Cissé Moussa,F,46,Abidjan,Lagunes
C0817,Diomandé Yasmine,F,27,Yamoussoukro,Lacs
C0818,Bamba Oumar,M,60,Abidjan,Lagunes
C0819,Diallo Jean,F,61,Yamoussoukro,Lacs
C0820,Kouassi Fatou,M,42,Bouaké,Vallée du Bandama
C0821,Touré Oumar,F,36,Yamoussoukro,Lacs
C0822,Diallo Mohamed,M,54,Bouaké,Vallée du Bandama
C0823,Bamba Yasmine,M,64,San-Pédro,Bas-Sassandra
C0824,Konan Ibrahim,F,58,San-Pédro,Bas-Sassandra
C0825,Bamba Yasmine,M,35,Abidjan,Lagunes
C0826,Koffi Awa,F,26,Abidjan,Lagunes
C0827,Traoré Aminata,F,39,Abidjan,Lagunes
C0828,Koffi Moussa,M,62,Bouaké,Vallée du Bandama
C0829,Touré Sarah,F,24,San-Pédro,Bas-Sassandra
C0830,Konan Ibrahim,F,23,San-Pédro,Bas-Sassandra
C0831,Diallo Sarah,F,18,San-Pédro,Bas-Sassandra
C0832,Diallo Ibrahim,M,27,Abidjan,Lagunes
C0833,Diallo Mohamed,F,30,Abidjan,Lagunes
C0834,Traoré Sarah,F,39,Abidjan,Lagunes
C0835,Koffi Mohamed,M,42,Yamoussoukro,Lacs
C0836,Traoré Jean,F,41,Abidjan,Lagunes
C0837,Diomandé Yasmine,F,43,Bouaké,Vallée du Bandama
C0838,Kouassi Fatou,M,45,San-Pédro,Bas-Sassandra
C0839,Kouassi Sarah,F,29,Yamoussoukro,Lacs
C0840,Traoré Oumar,F,64,Bouaké,Vallée du Bandama
C0841,Touré Awa,M,23,Yamoussoukro,Lacs
C0842,Diallo Yasmine,M,24,San-Pédro,Bas-Sassandra
C0843,Touré Oumar,F,30,Yamoussoukro,Lacs
C0844,Koffi Ibrahim,M,49,Yamoussoukro,Lacs
C0845,Bakayoko Jean,M,42,San-Pédro,Bas-Sassandra
C0846,Bakayoko Aminata,M,21,San-Pédro,Bas-Sassandra
C0847,Yao Yasmine,M,51,Bouaké,Vallée du Bandama
C0848,Bamba Mohamed,F,43,San-Pédro,Bas-Sassandra
C0849,Touré Moussa,M,49,San-Pédro,Bas-Sassandra
C0850,Konan Aminata,M,34,Yamoussoukro,Lacs
C0851,Cissé Moussa,F,43,Abidjan,Lagunes
C0852,Cissé Ibrahim,M,30,Abidjan,Lagunes
C0853,Bakayoko Sarah,F,64,Yamoussoukro,Lacs
C0854,Diomandé Jean,M,64,San-Pédro,Bas-Sassandra
C0855,Traoré Sarah,F,64,Yamoussoukro,Lacs
C0856,Touré Awa,F,22,San-Pédro,Bas-Sassandra
C0857,Koffi Yasmine,M,50,Bouaké,Vallée du Bandama
C0858,Traoré Awa,M,49,Abidjan,Lagunes
C0859,Cissé Oumar,F,22,Bouaké,Vallée du Bandama
C0860,Traoré Aminata,F,35,Bouaké,Vallée du Bandama
C0861,Cissé Ibrahim,F,23,Abidjan,Lagunes
C0862,Bakayoko Jean,M,28,Abidjan,Lagunes
C0863,Konan Aminata,M,33,San-Pédro,Bas-Sassandra
C0864,Yao Sarah,F,43,Bouaké,Vallée du Bandama
C0865,Touré Oumar,M,35,Yamoussoukro,Lacs
C0866,Bamba Moussa,F,35,Bouaké,Vallée du Bandama
C0867,Traoré Fatou,F,46,Yamoussoukro,Lacs
C0868,Konan Jean,M,60,Abidjan,Lagunes
C0869,Konan Awa,M,25,Abidjan,Lagunes
C0870,Cissé Sarah,F,49,San-Pédro,Bas-Sassandra
C0871,Kouassi Moussa,M,37,San-Pédro,Bas-Sassandra
C0872,Konan Aminata,M,39,San-Pédro,Bas-Sassandra
C0873,Touré Oumar,F,53,Abidjan,Lagunes
C0874,Cissé Oumar,F,59,San-Pédro,Bas-Sassandra
C0875,Bakayoko Awa,M,25,San-Pédro,Bas-Sassandra
C0876,Diomandé Aminata,M,44,Abidjan,Lagunes
C0877,Yao Mohamed,F,26,Bouaké,Vallée du Bandama
C0878,Bakayoko Moussa,M,51,Yamoussoukro,Lacs
C0879,Kouassi Yasmine,M,24,Abidjan,Lagunes
C0880,Yao Fatou,F,47,Yamoussoukro,Lacs
C0881,Yao Jean,M,44,Bouaké,Vallée du Bandama
C0882,Kouassi Awa,M,46,San-Pédro,Bas-Sassandra
C0883,Diallo Awa,F,18,Bouaké,Vallée du Bandama
C0884,Kouassi Mohamed,F,62,San-Pédro,Bas-Sassandra
C0885,Koffi Moussa,F,28,Abidjan,Lagunes
C0886,Touré Oumar,F,18,Abidjan,Lagunes
C0887,Traoré Awa,F,62,Abidjan,Lagunes
C0888,Koffi Oumar,F,28,San-Pédro,Bas-Sassandra
C0889,Yao Oumar,M,29,Bouaké,Vallée du Bandama
C0890,Yao Ibrahim,M,24,Yamoussoukro,Lacs
C0891,Bamba Moussa,F,57,Abidjan,Lagunes
C0892,Diallo Fatou,M,59,San-Pédro,Bas-Sassandra
C0893,Konan Fatou,M,46,San-Pédro,Bas-Sassandra
C0894,Touré Ibrahim,F,56,Bouaké,Vallée du Bandama
C0895,Touré Fatou,F,32,Yamoussoukro,Lacs
C0896,Diallo Jean,M,64,San-Pédro,Bas-Sassandra
C0897,Diomandé Sarah,M,53,Bouaké,Vallée du Bandama
C0898,Bakayoko Sarah,F,21,Yamoussoukro,Lacs
C0899,Konan Yasmine,M,40,Abidjan,Lagunes
C0900,Bakayoko Fatou,M,62,Abidjan,Lagunes
C0901,Diallo Yasmine,M,23,Abidjan,Lagunes
C0902,Touré Mohamed,F,24,Yamoussoukro,Lacs
C0903,Traoré Oumar,M,37,Yamoussoukro,Lacs
C0904,Yao Aminata,M,21,San-Pédro,Bas-Sassandra
C0905,Traoré Ibrahim,M,53,Yamoussoukro,Lacs
C0906,Touré Oumar,M,40,Bouaké,Vallée du Bandama
C0907,Konan Oumar,M,44,Yamoussoukro,Lacs
C0908,Touré Aminata,F,56,San-Pédro,Bas-Sassandra
C0909,Bakayoko Aminata,M,38,San-Pédro,Bas-Sassandra
C0910,Kouassi Moussa,M,59,Bouaké,Vallée du Bandama
C0911,Diomandé Awa,M,26,Abidjan,Lagunes
C0912,Diomandé Mohamed,F,34,San-Pédro,Bas-Sassandra
C0913,Koffi Yasmine,M,38,Abidjan,Lagunes
C0914,Traoré Jean,M,42,Yamoussoukro,Lacs
C0915,Koffi Jean,M,41,Bouaké,Vallée du Bandama
C0916,Bakayoko Moussa,M,23,Abidjan,Lagunes
C0917,Bamba Mohamed,M,34,Bouaké,Vallée du Bandama
C0918,Diomandé Yasmine,M,26,Abidjan,Lagunes
C0919,Traoré Aminata,F,20,Abidjan,Lagunes
C0920,Kouassi Moussa,F,18,Abidjan,Lagunes
C0921,Yao Mohamed,M,53,San-Pédro,Bas-Sassandra
C0922,Koffi Awa,M,36,Yamoussoukro,Lacs
C0923,Koffi Ibrahim,F,31,Bouaké,Vallée du Bandama
C0924,Kouassi Awa,M,21,San-Pédro,Bas-Sassandra
C0925,Diomandé Ibrahim,F,50,Abidjan,Lagunes
C0926,Bakayoko Ibrahim,M,18,Abidjan,Lagunes
C0927,Diomandé Aminata,F,30,San-Pédro,Bas-Sassandra
C0928,Yao Ibrahim,F,33,Yamoussoukro,Lacs
C0929,Diomandé Mohamed,M,37,Yamoussoukro,Lacs
C0930,Koffi Moussa,F,39,Yamoussoukro,Lacs
C0931,Touré Oumar,F,24,Bouaké,Vallée du Bandama
C0932,Bakayoko Moussa,M,33,Yamoussoukro,Lacs
C0933,Yao Ibrahim,F,33,San-Pédro,Bas-Sassandra
C0934,Kouassi Jean,F,28,Abidjan,Lagunes
C0935,Diomandé Jean,F,50,Abidjan,Lagunes
C0936,Touré Oumar,F,50,Bouaké,Vallée du Bandama
C0937,Konan Yasmine,M,39,Abidjan,Lagunes
C0938,Diomandé Awa,F,64,Yamoussoukro,Lacs
C0939,Koffi Jean,M,37,Bouaké,Vallée du Bandama
C0940,Bamba Moussa,F,40,Yamoussoukro,Lacs
C0941,Traoré Sarah,F,46,San-Pédro,Bas-Sassandra
C0942,Konan Mohamed,M,25,Bouaké,Vallée du Bandama
C0943,Cissé Jean,F,23,Bouaké,Vallée du Bandama
C0944,Diallo Yasmine,M,35,Bouaké,Vallée du Bandama
C0945,Koffi Yasmine,M,44,Abidjan,Lagunes
C0946,Bamba Ibrahim,F,51,Abidjan,Lagunes
C0947,Yao Awa,F,41,Bouaké,Vallée du Bandama
C0948,Traoré Aminata,F,60,Yamoussoukro,Lacs
C0949,Bamba Aminata,F,44,Abidjan,Lagunes
C0950,Traoré Fatou,F,36,San-Pédro,Bas-Sassandra
C0951,Yao Awa,F,51,Bouaké,Vallée du Bandama
C0952,Yao Aminata,M,44,Bouaké,Vallée du Bandama
C0953,Touré Jean,F,23,Abidjan,Lagunes
C0954,Diomandé Fatou,M,19,Abidjan,Lagunes
C0955,Koffi Jean,M,43,Abidjan,Lagunes
C0956,Cissé Oumar,M,39,Yamoussoukro,Lacs
C0957,Diallo Sarah,F,53,Bouaké,Vallée du Bandama
C0958,Touré Jean,M,62,San-Pédro,Bas-Sassandra
C0959,Bamba Jean,M,53,Yamoussoukro,Lacs
C0960,Kouassi Mohamed,F,26,Abidjan,Lagunes
C0961,Cissé Aminata,F,55,Abidjan,Lagunes
C0962,Cissé Awa,M,52,San-Pédro,Bas-Sassandra
C0963,Diomandé Oumar,M,42,San-Pédro,Bas-Sassandra
C0964,Koffi Yasmine,M,43,Yamoussoukro,Lacs
C0965,Bakayoko Jean,M,58,Bouaké,Vallée du Bandama
C0966,Konan Fatou,M,57,Yamoussoukro,Lacs
C0967,Kouassi Oumar,M,64,San-Pédro,Bas-Sassandra
C0968,Koffi Jean,M,63,Abidjan,Lagunes
C0969,Diomandé Awa,F,28,Abidjan,Lagunes
C0970,Konan Ibrahim,F,50,Yamoussoukro,Lacs
C0971,Konan Moussa,F,35,Bouaké,Vallée du Bandama
C0972,Yao Fatou,M,30,San-Pédro,Bas-Sassandra
C0973,Yao Mohamed,F,18,Yamoussoukro,Lacs
C0974,Bakayoko Sarah,M,63,Bouaké,Vallée du Bandama
C0975,Kouassi Yasmine,M,23,Yamoussoukro,Lacs
C0976,Touré Moussa,M,45,Abidjan,Lagunes
C0977,Traoré Oumar,M,35,San-Pédro,Bas-Sassandra
C0978,Diomandé Oumar,F,60,Yamoussoukro,Lacs
C0979,Traoré Mohamed,F,53,Bouaké,Vallée du Bandama
C0980,Diomandé Oumar,M,45,Bouaké,Vallée du Bandama
C0981,Konan Aminata,F,28,Bouaké,Vallée du Bandama
C0982,Touré Fatou,F,24,Abidjan,Lagunes
C0983,Diomandé Aminata,F,21,San-Pédro,Bas-Sassandra
C0984,Kouassi Moussa,M,31,Bouaké,Vallée du Bandama
C0985,Konan Yasmine,M,55,Bouaké,Vallée du Bandama
C0986,Diallo Oumar,M,27,San-Pédro,Bas-Sassandra
C0987,Diallo Awa,M,20,Abidjan,Lagunes
C0988,Koffi Ibrahim,M,21,Abidjan,Lagunes
C0989,Kouassi Fatou,F,44,San-Pédro,Bas-Sassandra
C0990,Cissé Moussa,M,38,Abidjan,Lagunes
C0991,Cissé Fatou,F,42,Abidjan,Lagunes
C0992,Bamba Moussa,F,22,San-Pédro,Bas-Sassandra
C0993,Cissé Jean,F,56,San-Pédro,Bas-Sassandra
C0994,Kouassi Jean,M,26,Bouaké,Vallée du Bandama
C0995,Yao Ibrahim,M,39,Abidjan,Lagunes
C0996,Traoré Oumar,F,40,Abidjan,Lagunes
C0997,Bamba Ibrahim,F,39,Abidjan,Lagunes
C0998,Diallo Moussa,M,49,Bouaké,Vallée du Bandama
C0999,Koffi Moussa,M,34,Yamoussoukro,Lacs
C1000,Bakayoko Oumar,F,54,Bouaké,Vallée du Bandama
